customer_id,term_deposit_subscribed
id_43823,0
id_10523,1
id_43951,0
id_12681,0
id_2153,1
id_8740,0
id_15826,0
id_6701,1
id_20948,1
id_13459,0
id_17791,0
id_41568,0
id_10463,0
id_44124,1
id_2873,0
id_471,0
id_10758,0
id_43446,0
id_26496,1
id_25779,1
id_41602,0
id_16855,1
id_20926,0
id_16368,0
id_31021,0
id_34266,0
id_5764,1
id_4987,1
id_34396,0
id_29397,0
id_34397,0
id_21998,1
id_17767,1
id_37717,0
id_1573,1
id_24865,1
id_5003,1
id_41173,0
id_31092,1
id_38404,0
id_15029,0
id_37122,0
id_4986,1
id_30669,0
id_6662,0
id_1854,1
id_8018,0
id_25001,1
id_9354,1
id_24454,0
id_42906,0
id_5183,0
id_21695,0
id_3135,1
id_39196,1
id_4674,1
id_4355,1
id_14411,1
id_44309,0
id_23052,0
id_9698,0
id_28472,0
id_18224,0
id_23162,0
id_12380,0
id_27572,0
id_33375,1
id_27323,0
id_10535,0
id_44497,0
id_25153,0
id_15172,0
id_21590,0
id_42548,0
id_32074,1
id_5897,0
id_45156,1
id_21077,0
id_5137,1
id_7288,0
id_33815,0
id_26844,0
id_40890,0
id_9862,1
id_1160,1
id_42760,1
id_1895,1
id_13079,0
id_36505,0
id_30803,1
id_20420,0
id_21909,1
id_33092,0
id_37445,1
id_16157,0
id_32764,0
id_27423,1
id_4737,0
id_41371,0
id_28106,0
id_6377,0
id_15630,1
id_35430,0
id_13803,0
id_27387,0
id_43956,0
id_21184,1
id_41341,0
id_2221,1
id_33808,0
id_39424,0
id_15906,0
id_7289,1
id_26684,0
id_22130,1
id_38029,0
id_692,0
id_4981,0
id_36812,0
id_19001,0
id_25421,1
id_20266,0
id_751,0
id_6978,0
id_24856,1
id_26410,0
id_20961,0
id_21940,0
id_4423,0
id_40367,0
id_13236,0
id_11444,0
id_34809,0
id_27557,1
id_21450,0
id_29225,1
id_3681,0
id_23103,1
id_13854,0
id_34543,0
id_10958,1
id_28209,0
id_33355,1
id_44952,0
id_40799,0
id_35770,0
id_12906,0
id_30928,0
id_32396,0
id_3503,0
id_2598,1
id_19455,0
id_5604,1
id_2827,0
id_16479,0
id_11928,0
id_45113,1
id_6861,0
id_41273,0
id_2021,0
id_24453,0
id_40786,1
id_25172,0
id_31892,0
id_26726,1
id_3824,0
id_6774,1
id_41608,0
id_10136,1
id_3816,0
id_18175,0
id_31293,1
id_28543,1
id_40582,0
id_27053,0
id_5582,0
id_25095,1
id_12018,0
id_10346,1
id_21869,0
id_36160,0
id_15788,1
id_9978,1
id_42387,0
id_37588,0
id_2491,1
id_27196,1
id_39085,0
id_32189,0
id_34949,1
id_21542,0
id_13089,1
id_35322,0
id_4402,1
id_7960,1
id_28663,1
id_26749,0
id_17941,0
id_3041,0
id_27988,0
id_12016,1
id_18611,1
id_18938,0
id_4427,1
id_23344,1
id_6089,0
id_7212,0
id_11949,0
id_37525,1
id_38285,1
id_43154,1
id_27654,1
id_37643,1
id_15802,0
id_19721,1
id_42278,0
id_29437,1
id_21494,1
id_6592,1
id_28092,0
id_30592,1
id_31530,1
id_9083,0
id_10748,0
id_32301,0
id_34980,0
id_36166,0
id_39364,0
id_31060,0
id_33530,0
id_42949,0
id_31749,0
id_13612,0
id_10782,1
id_28143,0
id_5850,0
id_36195,0
id_19144,0
id_8309,0
id_25643,0
id_10511,0
id_20520,0
id_5643,1
id_31374,0
id_44356,1
id_30424,1
id_8942,1
id_23778,0
id_32380,1
id_8359,0
id_30565,1
id_39924,0
id_22419,0
id_42931,0
id_26849,1
id_21436,1
id_7977,0
id_13504,0
id_1363,0
id_26622,1
id_24234,0
id_14887,1
id_11919,0
id_31791,0
id_42773,0
id_43848,1
id_13925,0
id_9482,0
id_20569,0
id_32954,1
id_38247,1
id_28085,0
id_25793,0
id_42365,1
id_25619,1
id_12789,0
id_17206,0
id_33033,1
id_39725,0
id_28659,1
id_41056,1
id_23722,0
id_384,1
id_12057,1
id_1213,0
id_44175,0
id_23054,1
id_40254,0
id_38722,1
id_9030,1
id_34064,0
id_2305,0
id_6937,0
id_29427,0
id_26694,0
id_7309,0
id_1,0
id_39011,0
id_30073,0
id_38975,0
id_8767,0
id_1469,0
id_21157,0
id_2758,0
id_35641,0
id_6522,1
id_37370,0
id_17632,0
id_35522,0
id_31073,1
id_40475,0
id_40226,0
id_30222,0
id_11802,1
id_21010,1
id_43986,0
id_27948,1
id_1503,1
id_26653,1
id_7270,0
id_31161,0
id_15339,0
id_8008,0
id_14548,0
id_44404,1
id_36782,1
id_19204,1
id_17717,0
id_7587,1
id_28692,1
id_18686,0
id_38725,1
id_40597,1
id_32577,1
id_27634,0
id_42922,1
id_42677,0
id_1058,0
id_36390,0
id_23380,0
id_43948,0
id_9039,0
id_10165,0
id_33109,0
id_29943,0
id_34849,1
id_18119,0
id_1055,0
id_30444,0
id_39845,0
id_39317,1
id_30394,0
id_20650,0
id_33466,0
id_33003,0
id_18458,0
id_15088,1
id_16214,1
id_26881,1
id_12967,1
id_5320,1
id_638,0
id_5647,0
id_31457,1
id_1313,1
id_4672,0
id_14164,1
id_15512,0
id_37346,0
id_34594,1
id_36745,1
id_18607,1
id_1918,1
id_7943,0
id_2931,0
id_10215,0
id_6635,0
id_13624,1
id_22222,0
id_18744,0
id_9218,0
id_43777,0
id_28923,0
id_32145,1
id_24386,1
id_1616,0
id_39105,1
id_43655,0
id_43459,0
id_6482,1
id_10612,0
id_21521,0
id_36380,0
id_20750,0
id_36239,1
id_44357,1
id_37673,1
id_39513,0
id_9306,0
id_29576,0
id_1221,1
id_10855,0
id_32946,0
id_37803,0
id_30604,1
id_9857,0
id_5382,1
id_36254,0
id_11923,0
id_746,0
id_20382,0
id_2054,0
id_8619,0
id_39884,0
id_41107,1
id_27613,1
id_23136,0
id_30229,1
id_3259,1
id_23135,0
id_24129,1
id_25249,0
id_8821,0
id_4831,1
id_19854,0
id_41523,1
id_27998,0
id_11224,1
id_12133,1
id_32369,1
id_6688,0
id_23749,0
id_39808,0
id_14504,1
id_26207,0
id_19016,0
id_22568,1
id_11111,0
id_44524,0
id_13029,0
id_36614,0
id_5626,0
id_33865,0
id_2918,0
id_37234,0
id_39498,0
id_38909,1
id_37114,0
id_2995,0
id_18723,0
id_40041,0
id_14011,0
id_2913,0
id_15730,0
id_21174,0
id_34224,1
id_18543,0
id_10522,0
id_22613,1
id_16999,0
id_31155,0
id_22838,1
id_40600,0
id_7132,0
id_28611,0
id_7454,1
id_31401,1
id_7231,0
id_10818,0
id_40637,0
id_40773,0
id_34928,0
id_38602,0
id_8746,0
id_24396,0
id_34612,1
id_12442,0
id_34352,1
id_28604,1
id_32760,0
id_2381,1
id_42855,0
id_27951,1
id_19642,0
id_8419,1
id_3551,0
id_39938,1
id_21789,0
id_18554,1
id_44745,1
id_35564,0
id_7920,1
id_22522,0
id_7595,0
id_29186,1
id_9911,1
id_25956,1
id_2312,0
id_4147,1
id_14803,0
id_31551,0
id_36668,1
id_27395,0
id_31217,0
id_6230,1
id_27153,0
id_2669,0
id_37980,0
id_25362,1
id_44922,0
id_20930,1
id_1159,0
id_19505,1
id_15071,1
id_19726,0
id_8169,1
id_34800,0
id_32554,0
id_39987,0
id_33280,0
id_28710,1
id_27351,1
id_12623,0
id_26020,1
id_10104,0
id_36887,0
id_2782,1
id_898,1
id_13348,0
id_44919,0
id_26187,0
id_4860,1
id_19290,1
id_17061,1
id_33332,0
id_19352,1
id_41428,0
id_23170,0
id_37455,1
id_10078,1
id_16273,0
id_12370,1
id_41929,0
id_41149,0
id_31297,0
id_23726,0
id_14118,0
id_3528,0
id_23188,0
id_14376,1
id_17748,0
id_35594,0
id_25141,0
id_10919,0
id_3570,0
id_2566,1
id_44912,0
id_184,1
id_20944,0
id_4864,0
id_18901,0
id_32315,1
id_8228,1
id_42412,0
id_37082,1
id_1746,0
id_25171,0
id_15007,0
id_22689,0
id_10672,0
id_14512,0
id_4866,0
id_9754,0
id_4145,1
id_830,0
id_39789,1
id_38641,1
id_38141,0
id_18140,1
id_20104,0
id_10629,0
id_13486,0
id_43182,1
id_19937,0
id_18372,0
id_20410,1
id_32134,1
id_23932,0
id_24962,0
id_14949,1
id_32904,0
id_23359,0
id_22142,0
id_6687,0
id_33070,1
id_2788,0
id_17213,1
id_27620,0
id_4539,0
id_3445,0
id_27630,0
id_18117,1
id_31281,0
id_16425,0
id_4385,1
id_38265,0
id_15763,0
id_38625,0
id_38376,0
id_31612,1
id_40310,0
id_28993,0
id_33163,0
id_41806,1
id_21997,0
id_5298,0
id_20888,0
id_14641,1
id_22206,1
id_34597,0
id_44075,0
id_12795,0
id_9566,0
id_41008,0
id_349,0
id_10570,1
id_3255,0
id_19913,0
id_38967,0
id_26013,1
id_44399,1
id_42674,0
id_32077,0
id_19850,0
id_19375,0
id_2607,1
id_8384,0
id_21414,0
id_35924,0
id_8572,0
id_34,0
id_21980,0
id_26739,0
id_12518,0
id_39460,1
id_2588,1
id_5480,0
id_21641,1
id_21623,1
id_44031,0
id_21193,0
id_16407,0
id_35995,0
id_7549,0
id_38425,0
id_16403,0
id_30237,1
id_8753,1
id_15927,0
id_3346,1
id_41084,0
id_27314,0
id_19685,1
id_3840,1
id_26474,0
id_33526,1
id_17513,0
id_16738,0
id_15288,0
id_7210,0
id_35262,0
id_45182,0
id_33049,0
id_35451,0
id_3936,0
id_22210,0
id_16636,0
id_17643,0
id_29729,0
id_40169,1
id_17618,1
id_43724,0
id_42649,0
id_1305,0
id_22370,0
id_24524,0
id_35572,1
id_417,1
id_14855,1
id_22684,0
id_41808,0
id_8994,0
id_12357,0
id_38452,0
id_5803,1
id_14910,0
id_20217,0
id_22919,0
id_40388,0
id_9393,0
id_29077,0
id_21484,0
id_15907,0
id_35084,0
id_28850,0
id_36546,0
id_26577,1
id_37281,0
id_42072,0
id_36980,0
id_35680,1
id_16930,0
id_40641,1
id_31648,0
id_32815,0
id_32351,0
id_19126,0
id_26871,1
id_24261,0
id_14592,0
id_21030,1
id_42590,0
id_36167,1
id_44964,1
id_6996,0
id_14153,0
id_40084,1
id_22138,0
id_2431,0
id_11189,1
id_7890,1
id_6964,0
id_26329,0
id_37189,0
id_22861,0
id_21388,0
id_6686,0
id_10699,1
id_41828,0
id_28012,1
id_30931,1
id_28610,1
id_26055,0
id_25827,0
id_32228,0
id_38810,0
id_34757,0
id_14021,0
id_12585,0
id_6471,0
id_27294,0
id_3007,0
id_24643,0
id_35228,0
id_34221,0
id_37469,0
id_9464,0
id_11137,0
id_5732,0
id_39586,0
id_11809,0
id_18279,1
id_7261,1
id_2238,0
id_623,1
id_6746,0
id_6705,0
id_8034,1
id_3579,1
id_29715,0
id_41821,0
id_15874,0
id_18045,0
id_30097,0
id_29724,0
id_25168,0
id_29246,0
id_35795,0
id_25990,1
id_13984,0
id_43904,1
id_16068,0
id_6437,0
id_44695,0
id_39422,0
id_1982,1
id_9639,1
id_33169,0
id_19228,0
id_16300,0
id_10396,0
id_5945,1
id_11946,0
id_4555,0
id_14900,0
id_10735,0
id_9285,0
id_44772,0
id_13628,0
id_771,1
id_2655,0
id_44087,1
id_33108,0
id_40374,0
id_28805,1
id_6920,0
id_31956,1
id_41515,1
id_43361,1
id_18763,1
id_41323,1
id_35819,1
id_3541,1
id_12429,1
id_35764,1
id_16970,1
id_21875,0
id_28041,0
id_9167,1
id_8220,1
id_28308,1
id_15500,1
id_14424,0
id_35682,0
id_40686,0
id_20433,0
id_27036,1
id_43610,0
id_29301,1
id_28331,0
id_11062,0
id_13427,0
id_6604,0
id_5031,0
id_6519,1
id_11067,1
id_21183,1
id_44639,0
id_15854,0
id_6360,0
id_30940,0
id_36129,0
id_40076,0
id_25223,0
id_6536,0
id_20805,0
id_29912,0
id_436,0
id_22995,0
id_42191,0
id_35722,0
id_2503,0
id_12218,0
id_12475,1
id_8227,0
id_19428,1
id_10606,1
id_18944,0
id_14919,0
id_18015,0
id_23351,1
id_15765,0
id_40911,1
id_44859,0
id_15679,1
id_31020,1
id_9070,0
id_17740,1
id_27663,0
id_39198,0
id_13473,0
id_18076,1
id_16323,1
id_35470,0
id_42094,1
id_2326,1
id_43445,0
id_16177,0
id_9604,0
id_2702,0
id_7518,0
id_4874,1
id_23215,1
id_36638,0
id_20849,0
id_14557,0
id_22702,0
id_16892,0
id_721,1
id_29808,1
id_34349,1
id_15245,0
id_7008,0
id_23628,1
id_7895,0
id_22073,1
id_27993,0
id_26113,1
id_39223,1
id_21770,0
id_965,1
id_13193,0
id_39307,1
id_16454,1
id_45043,0
id_35346,0
id_14740,1
id_5097,0
id_10259,0
id_20228,1
id_41192,1
id_27605,1
id_27039,0
id_17933,0
id_5198,1
id_13186,0
id_42112,1
id_36541,1
id_43150,0
id_2767,1
id_3489,0
id_45062,0
id_39858,1
id_37828,0
id_24756,0
id_3323,0
id_10445,1
id_26053,0
id_3745,0
id_28837,0
id_40304,0
id_16370,1
id_35544,0
id_23524,1
id_37975,1
id_26243,0
id_2908,1
id_37820,1
id_1368,1
id_17799,1
id_21844,1
id_37818,0
id_40586,0
id_12764,0
id_5366,1
id_8373,0
id_35970,0
id_3495,0
id_26458,0
id_41421,0
id_26318,1
id_12354,0
id_6617,0
id_2922,0
id_30397,0
id_38900,1
id_19407,1
id_40454,0
id_41893,0
id_44437,1
id_28664,0
id_1779,1
id_20501,0
id_32253,0
id_30299,1
id_16872,1
id_31550,1
id_43208,1
id_19933,0
id_14946,1
id_16416,0
id_7819,0
id_37538,0
id_37025,0
id_9156,0
id_1083,0
id_44876,0
id_10548,1
id_36835,0
id_34708,1
id_13846,0
id_16940,1
id_18633,0
id_29236,0
id_27311,1
id_1681,0
id_31245,0
id_9408,0
id_25102,0
id_17828,0
id_44766,0
id_6156,0
id_8139,0
id_23028,1
id_36251,0
id_3725,1
id_15938,0
id_37438,1
id_41211,1
id_41439,1
id_31862,1
id_11739,0
id_34726,0
id_22871,1
id_31976,1
id_41453,0
id_19271,0
id_15314,0
id_36208,0
id_9613,0
id_23535,1
id_36416,0
id_3772,0
id_37547,0
id_31047,0
id_26607,1
id_617,1
id_27399,0
id_32360,0
id_10767,1
id_28568,1
id_2547,0
id_23334,0
id_34035,1
id_12024,0
id_22075,0
id_43468,0
id_18297,0
id_43274,1
id_4857,1
id_37079,1
id_8896,0
id_26543,1
id_10873,0
id_1861,0
id_25778,1
id_31624,0
id_12957,0
id_40729,1
id_9788,0
id_7887,0
id_22583,1
id_910,1
id_43803,1
id_7903,1
id_44648,1
id_41576,0
id_15089,0
id_1425,0
id_9343,0
id_1769,0
id_44565,1
id_6784,0
id_14653,1
id_32868,0
id_12646,0
id_39278,1
id_28634,1
id_43511,0
id_39606,0
id_30953,0
id_16353,0
id_30092,0
id_27189,0
id_8571,0
id_44092,0
id_10743,0
id_20020,1
id_6324,0
id_40986,1
id_724,1
id_11117,1
id_2402,0
id_13617,1
id_10484,0
id_19021,0
id_30851,1
id_42034,0
id_15382,0
id_7479,0
id_2041,0
id_40078,0
id_39088,1
id_26464,0
id_1330,0
id_43383,0
id_30230,0
id_16113,0
id_44291,0
id_32973,1
id_16500,0
id_33394,0
id_44385,0
id_5569,0
id_140,1
id_9052,0
id_13802,0
id_38938,0
id_2198,0
id_12021,0
id_30348,0
id_29032,1
id_3988,0
id_32144,0
id_42228,0
id_27162,0
id_22102,0
id_4424,1
id_13438,0
id_21325,1
id_38048,0
id_42054,0
id_9472,0
id_18416,0
id_31705,0
id_32263,1
id_44473,0
id_28682,0
id_28888,0
id_35737,0
id_2193,1
id_42460,1
id_18534,0
id_13586,0
id_37958,0
id_20892,0
id_12700,0
id_17454,0
id_33661,0
id_15325,1
id_13935,1
id_1261,0
id_34522,0
id_30708,1
id_18587,0
id_837,0
id_17176,0
id_3974,0
id_3546,0
id_33963,1
id_8811,0
id_4997,0
id_27612,0
id_6138,0
id_39442,1
id_13164,1
id_11688,1
id_42582,0
id_39338,1
id_40833,1
id_37226,1
id_16762,1
id_32207,1
id_29547,0
id_7743,0
id_18907,1
id_43819,0
id_30302,1
id_27652,1
id_1925,1
id_3420,0
id_1756,0
id_38475,0
id_39801,1
id_554,0
id_20186,0
id_17305,1
id_1570,0
id_31214,0
id_25785,1
id_8415,1
id_11716,0
id_12892,0
id_29769,0
id_5633,1
id_14473,0
id_20597,1
id_17007,1
id_3434,1
id_41741,0
id_12344,0
id_42915,1
id_23270,1
id_42963,0
id_14698,0
id_40392,1
id_40418,1
id_14232,0
id_18956,0
id_27355,0
id_41462,0
id_41790,1
id_26402,0
id_25601,0
id_30212,0
id_8488,1
id_25300,0
id_16279,1
id_40735,1
id_8623,1
id_41960,0
id_14109,0
id_15485,1
id_43552,0
id_8998,0
id_7109,0
id_22872,1
id_2470,1
id_30891,0
id_16513,0
id_37747,0
id_41845,0
id_28789,0
id_1175,0
id_14150,1
id_40879,1
id_42232,0
id_4654,0
id_38855,1
id_14510,0
id_14212,1
id_31830,0
id_2710,1
id_28386,1
id_24766,0
id_36294,0
id_9232,0
id_28823,1
id_42420,0
id_38402,0
id_42707,0
id_14034,1
id_32926,0
id_42397,0
id_25107,1
id_34329,1
id_14358,1
id_32260,0
id_29451,0
id_32208,0
id_27725,0
id_42224,1
id_463,0
id_41463,0
id_9578,0
id_45039,0
id_42455,0
id_19941,0
id_34137,1
id_5242,0
id_10682,1
id_37869,0
id_42158,1
id_24220,0
id_42429,0
id_33232,0
id_32459,1
id_37824,1
id_3090,1
id_32500,1
id_8468,1
id_34418,1
id_13885,0
id_15747,0
id_28445,0
id_16615,0
id_17641,0
id_30395,1
id_33397,0
id_42788,0
id_5101,0
id_218,0
id_12826,1
id_45079,0
id_12089,0
id_44924,0
id_28067,1
id_32340,0
id_19715,0
id_15372,0
id_33877,0
id_12337,1
id_26443,0
id_5740,0
id_42176,1
id_37573,1
id_25361,0
id_23663,1
id_704,0
id_18719,0
id_18309,0
id_18748,0
id_13989,0
id_3912,1
id_22180,0
id_8248,1
id_1562,0
id_11745,0
id_27,1
id_44121,0
id_33592,0
id_40046,0
id_40399,0
id_31231,0
id_24431,0
id_20208,1
id_37592,1
id_7457,0
id_17138,0
id_2290,0
id_17244,1
id_23066,1
id_31681,0
id_18849,1
id_18118,1
id_36038,0
id_24079,0
id_11776,1
id_23098,0
id_25390,1
id_12785,0
id_13721,1
id_26661,0
id_16489,1
id_31807,0
id_41869,0
id_34054,1
id_22342,0
id_16072,1
id_28893,0
id_25819,0
id_19409,0
id_33733,0
id_4519,0
id_23731,1
id_34992,0
id_9502,0
id_8263,0
id_16193,0
id_16571,1
id_10761,0
id_29840,0
id_35687,0
id_35767,0
id_16932,0
id_41809,1
id_12770,0
id_44371,1
id_40455,1
id_40665,0
id_13349,1
id_17868,0
id_2909,1
id_36029,0
id_19076,0
id_21354,0
id_24442,0
id_3360,0
id_20708,1
id_39541,0
id_34152,0
id_2606,0
id_3620,0
id_26815,0
id_4175,0
id_23926,0
id_34749,0
id_30856,0
id_29155,1
id_36419,1
id_23895,0
id_1226,0
id_5009,0
id_35124,0
id_38136,1
id_25946,0
id_28055,0
id_7313,0
id_8603,0
id_23422,0
id_11330,0
id_41833,0
id_11678,0
id_37850,0
id_23546,1
id_32642,0
id_26757,0
id_12108,1
id_7882,1
id_17022,0
id_14788,0
id_27608,0
id_17005,0
id_31638,0
id_44770,0
id_18261,0
id_29548,0
id_5503,0
id_16717,0
id_3369,1
id_691,0
id_30399,0
id_26467,1
id_25466,0
id_42897,0
id_9479,0
id_34012,0
id_16151,0
id_9126,0
id_30635,0
id_31860,0
id_38116,1
id_3711,0
id_45025,0
id_21269,0
id_43309,0
id_41984,0
id_34158,0
id_23838,0
id_2800,1
id_31811,0
id_31828,0
id_28362,0
id_8575,1
id_15001,0
id_23751,1
id_2731,1
id_17525,1
id_23113,1
id_35740,0
id_9700,1
id_10466,0
id_19012,0
id_20366,0
id_10515,1
id_15685,0
id_44555,1
id_37481,0
id_37555,0
id_25689,0
id_29485,1
id_29508,0
id_1851,1
id_10393,1
id_6458,0
id_33861,0
id_29119,0
id_3694,0
id_24712,0
id_2692,0
id_19798,0
id_35277,0
id_42415,1
id_27048,1
id_11898,1
id_37950,1
id_2682,0
id_7460,0
id_40583,0
id_28457,0
id_22167,0
id_42491,0
id_36768,0
id_25018,0
id_14367,0
id_6733,0
id_3573,0
id_45195,1
id_10408,1
id_40527,0
id_42820,1
id_13705,0
id_8385,0
id_37462,1
id_10558,0
id_32662,0
id_25117,0
id_41858,0
id_19223,0
id_15625,0
id_32358,1
id_25315,0
id_8082,0
id_7076,0
id_37190,0
id_86,0
id_21001,1
id_7583,0
id_21993,1
id_5752,0
id_7712,1
id_40623,0
id_43343,0
id_9459,0
id_2189,0
id_35070,0
id_25801,0
id_39527,0
id_6354,1
id_25011,1
id_13833,1
id_30339,0
id_44332,0
id_37656,0
id_43218,1
id_42199,1
id_7768,0
id_17298,0
id_2729,0
id_9485,1
id_15726,0
id_20667,1
id_18928,0
id_8873,0
id_21391,0
id_16594,1
id_34737,0
id_34117,0
id_24008,0
id_28212,0
id_8270,0
id_29076,1
id_12459,1
id_1893,0
id_32650,1
id_1231,0
id_5597,0
id_29279,0
id_40839,1
id_7828,1
id_3670,0
id_5571,1
id_3504,1
id_8854,0
id_27218,0
id_10989,1
id_11799,1
id_17591,0
id_116,0
id_4943,0
id_14485,1
id_44451,0
id_39385,0
id_23346,0
id_16641,1
id_11695,1
id_14890,0
id_32371,0
id_3149,1
id_30966,0
id_14881,1
id_25562,0
id_44088,0
id_16303,0
id_30547,1
id_38776,0
id_22191,1
id_36007,0
id_28608,1
id_43566,0
id_14850,1
id_30322,0
id_15877,1
id_39256,0
id_18746,0
id_12861,0
id_1600,0
id_25529,1
id_38367,1
id_30027,1
id_10543,1
id_41238,0
id_5506,0
id_30286,0
id_8074,1
id_31578,1
id_6358,0
id_2434,0
id_23418,0
id_29439,0
id_4993,0
id_14941,0
id_15557,1
id_19172,1
id_3614,0
id_44568,0
id_17137,1
id_36232,0
id_37625,0
id_22760,1
id_18640,0
id_38698,1
id_15055,1
id_44597,0
id_39131,0
id_42367,1
id_31264,0
id_33112,1
id_29062,1
id_19878,0
id_41854,0
id_16614,0
id_42893,1
id_28545,1
id_34596,0
id_584,0
id_12852,1
id_20466,0
id_39617,1
id_36501,0
id_6442,0
id_19320,0
id_6712,0
id_8693,0
id_17441,0
id_32730,0
id_40487,1
id_26327,1
id_10162,0
id_6758,0
id_4720,1
id_30933,0
id_33046,0
id_31594,0
id_20091,1
id_9533,0
id_21836,0
id_21132,0
id_34608,1
id_43763,0
id_17340,0
id_7913,1
id_30069,1
id_31309,0
id_1044,0
id_40900,0
id_19515,1
id_4162,1
id_41855,0
id_18422,1
id_37782,0
id_9964,0
id_35230,1
id_38538,1
id_30787,0
id_32343,1
id_43630,0
id_15113,0
id_38106,1
id_23978,0
id_3192,0
id_10318,0
id_26052,1
id_23150,0
id_42047,0
id_22276,1
id_35223,1
id_6632,1
id_26916,1
id_9733,1
id_36420,0
id_8976,0
id_21656,1
id_4988,1
id_42117,1
id_40554,0
id_44649,0
id_33140,0
id_38292,0
id_43488,0
id_38511,1
id_31532,1
id_6475,1
id_33335,0
id_27898,0
id_28555,0
id_1846,0
id_31289,0
id_5538,0
id_17538,0
id_27706,0
id_7510,1
id_29977,0
id_3916,1
id_27786,1
id_21792,1
id_18834,1
id_16534,1
id_33055,0
id_25060,0
id_7420,1
id_36622,0
id_21593,0
id_44980,0
id_41839,0
id_34832,0
id_30252,1
id_9409,1
id_18669,0
id_5657,0
id_29026,1
id_11011,0
id_15808,0
id_31752,0
id_33696,0
id_26033,1
id_2721,1
id_2475,1
id_38804,0
id_23694,0
id_43095,1
id_43392,0
id_18847,0
id_44633,0
id_39897,0
id_16711,0
id_34362,0
id_11181,1
id_186,1
id_2348,0
id_15186,0
id_14151,0
id_682,0
id_951,0
id_12744,0
id_38235,1
id_19086,0
id_3855,0
id_20736,0
id_44153,1
id_8972,1
id_9973,0
id_38240,1
id_12631,1
id_2023,0
id_44527,1
id_37614,1
id_3264,0
id_1017,1
id_41551,0
id_11164,0
id_28173,1
id_7499,0
id_42539,0
id_42042,1
id_10591,1
id_10922,0
id_15440,0
id_9304,0
id_12196,0
id_9751,0
id_43544,0
id_30180,0
id_30501,0
id_30655,0
id_14085,0
id_20611,0
id_44939,0
id_29281,0
id_13134,0
id_23323,0
id_27371,0
id_39724,0
id_13183,0
id_27963,1
id_34699,0
id_2986,0
id_23517,0
id_16242,0
id_6697,0
id_7650,0
id_35569,0
id_24777,0
id_13069,0
id_19136,0
id_32235,1
id_5663,1
id_27160,1
id_4096,0
id_17353,1
id_31200,0
id_17829,0
id_32603,0
id_16351,1
id_6542,0
id_24755,0
id_2485,0
id_9130,1
id_2121,1
id_33195,0
id_21758,0
id_17049,0
id_5963,0
id_29492,1
id_4963,1
id_2738,0
id_19734,0
id_28690,1
id_18912,1
id_5853,0
id_44138,0
id_30726,0
id_22802,1
id_35154,1
id_25302,1
id_9191,0
id_31999,0
id_13133,0
id_11685,0
id_10062,1
id_41376,0
id_15629,0
id_19866,0
id_11947,0
id_6837,0
id_8727,1
id_31733,1
id_18322,0
id_9454,1
id_33586,1
id_37922,0
id_26887,0
id_30956,1
id_36457,0
id_44911,0
id_42658,0
id_42849,1
id_22287,0
id_31376,1
id_33742,0
id_39483,0
id_1838,1
id_11841,1
id_10849,0
id_28391,0
id_6560,0
id_19592,1
id_14603,0
id_15045,0
id_37752,0
id_30148,0
id_16087,0
id_26093,1
id_32693,1
id_3931,1
id_41866,1
id_44244,0
id_4405,1
id_24477,0
id_12626,1
id_24284,1
id_332,0
id_25665,0
id_41762,0
id_44009,0
id_22975,1
id_40647,1
id_32485,0
id_20981,0
id_42166,1
id_31744,0
id_10941,1
id_28808,0
id_11297,0
id_4930,1
id_850,0
id_16590,1
id_20828,1
id_29844,1
id_31361,0
id_25125,0
id_18330,0
id_10222,0
id_31357,0
id_30570,1
id_39590,0
id_36098,1
id_29870,0
id_1942,1
id_22293,0
id_24090,0
id_21652,0
id_11064,0
id_30451,1
id_34052,1
id_23503,1
id_34701,0
id_19236,1
id_26560,0
id_17592,0
id_12550,0
id_12947,0
id_35292,0
id_19329,1
id_43781,1
id_25955,1
id_28560,0
id_11335,0
id_1382,1
id_13534,0
id_1782,1
id_27678,1
id_29810,0
id_32677,1
id_22115,0
id_28182,0
id_1433,0
id_5902,0
id_18505,0
id_17010,0
id_25576,1
id_10475,1
id_24184,0
id_24665,1
id_33409,0
id_13543,0
id_31452,0
id_28501,0
id_578,0
id_25310,1
id_32711,1
id_22954,1
id_13094,0
id_11670,1
id_23438,1
id_14666,1
id_36556,0
id_28971,1
id_26944,1
id_29027,0
id_34599,1
id_16798,0
id_10964,0
id_36011,0
id_29785,1
id_42902,0
id_8783,0
id_6717,1
id_18183,0
id_38368,0
id_40395,0
id_29828,1
id_30072,0
id_22265,1
id_36506,1
id_9148,1
id_9974,0
id_518,1
id_813,0
id_33911,1
id_26096,0
id_41278,0
id_32924,0
id_34085,0
id_25340,0
id_17475,0
id_6844,0
id_1212,1
id_9837,0
id_26834,0
id_4104,1
id_4263,0
id_1239,1
id_7896,0
id_33548,1
id_40438,0
id_40180,1
id_40812,0
id_945,0
id_41836,1
id_43909,0
id_44118,0
id_21052,1
id_28220,1
id_11845,1
id_4666,0
id_13709,0
id_43395,0
id_4307,0
id_43035,1
id_31220,0
id_1930,1
id_26098,0
id_37738,0
id_30614,0
id_14428,0
id_9564,0
id_16232,0
id_22710,0
id_15935,1
id_20412,0
id_44072,0
id_23741,1
id_20873,0
id_25524,0
id_21796,0
id_13771,0
id_29976,1
id_15204,0
id_39990,1
id_10859,0
id_22162,0
id_44511,0
id_3575,0
id_41590,0
id_5349,0
id_39791,0
id_27735,0
id_29879,0
id_23515,0
id_38829,0
id_26407,0
id_32579,0
id_11094,0
id_32004,0
id_37355,0
id_26129,0
id_15697,0
id_31039,0
id_7205,1
id_35938,0
id_7036,0
id_15326,0
id_24168,1
id_26581,0
id_5739,0
id_18111,0
id_3561,1
id_7360,0
id_31945,0
id_30859,0
id_10563,0
id_25695,1
id_19221,0
id_15344,0
id_1298,0
id_27646,1
id_2146,0
id_28453,0
id_6007,0
id_17590,0
id_34590,1
id_21069,1
id_29237,0
id_29345,0
id_52,0
id_42186,0
id_7372,0
id_17048,0
id_22511,0
id_21505,1
id_33329,1
id_18714,0
id_20648,0
id_37774,0
id_43498,1
id_31682,0
id_11560,0
id_5476,1
id_3051,0
id_24647,1
id_9392,0
id_7147,1
id_26609,1
id_7530,0
id_22030,1
id_16346,1
id_22190,1
id_27741,1
id_18654,0
id_23501,0
id_42135,1
id_5127,0
id_42169,0
id_31226,1
id_40718,0
id_19623,0
id_14755,0
id_37561,0
id_41014,1
id_24363,0
id_1211,1
id_7711,0
id_43077,0
id_38731,0
id_34861,0
id_36684,0
id_17269,0
id_19547,1
id_35747,0
id_8014,1
id_21651,0
id_11475,0
id_43876,1
id_32177,0
id_29040,1
id_34307,0
id_26349,0
id_24793,1
id_6776,0
id_16585,0
id_38950,1
id_4406,0
id_15410,0
id_36941,0
id_5817,0
id_40139,1
id_38148,0
id_28847,0
id_29859,0
id_24887,0
id_34630,0
id_26862,0
id_26579,0
id_40838,0
id_23700,0
id_5984,0
id_10651,0
id_34624,0
id_13307,0
id_24,1
id_2082,1
id_21688,0
id_11793,0
id_25077,0
id_42476,1
id_9541,1
id_16022,0
id_39563,1
id_39765,1
id_24857,0
id_44729,0
id_28707,0
id_40004,0
id_1525,0
id_17047,1
id_1464,1
id_33260,1
id_6900,1
id_43870,0
id_41737,0
id_30166,0
id_22035,0
id_27692,0
id_41105,1
id_23183,1
id_43641,1
id_29381,0
id_28336,0
id_26613,0
id_2183,0
id_9089,1
id_15052,0
id_39288,1
id_12988,1
id_2283,0
id_37077,0
id_40230,0
id_10049,0
id_14658,1
id_41286,0
id_4298,1
id_22164,0
id_23840,0
id_24805,1
id_26240,0
id_26720,1
id_29367,0
id_3632,0
id_36346,1
id_27144,0
id_36192,1
id_27999,1
id_28333,1
id_31418,1
id_13298,0
id_22695,1
id_40933,1
id_24513,1
id_19543,1
id_2088,0
id_12123,0
id_40020,1
id_2421,1
id_2125,0
id_26804,0
id_19829,1
id_34044,1
id_5636,0
id_6872,0
id_41383,0
id_40102,0
id_1778,0
id_28801,0
id_37865,0
id_5108,1
id_38545,0
id_44874,0
id_32779,1
id_31590,0
id_45067,0
id_25692,1
id_21976,0
id_28409,0
id_14931,1
id_41634,0
id_41114,0
id_7645,0
id_1659,0
id_11986,0
id_44490,0
id_8835,0
id_37276,0
id_5224,0
id_22198,0
id_42400,0
id_16482,0
id_21286,1
id_25121,0
id_13804,1
id_10146,0
id_22311,1
id_16288,1
id_25160,0
id_28206,0
id_11411,1
id_30309,1
id_26315,1
id_18580,0
id_5549,0
id_24727,1
id_28470,0
id_28516,0
id_5053,0
id_10202,1
id_16247,0
id_42812,0
id_19326,1
id_25518,0
id_10491,1
id_27997,0
id_32270,0
id_36273,0
id_1715,1
id_39716,0
id_16462,0
id_9668,1
id_31233,1
id_31651,0
id_3869,1
id_20282,1
id_27966,1
id_32184,0
id_15585,0
id_18346,1
id_11369,1
id_36073,1
id_35839,0
id_26790,0
id_1082,0
id_16371,0
id_41910,0
id_11008,0
id_37449,0
id_18740,1
id_35981,0
id_40649,0
id_36063,1
id_14649,0
id_30074,0
id_11172,0
id_780,1
id_20102,1
id_29117,0
id_4304,0
id_1133,0
id_19066,0
id_6446,1
id_7283,1
id_10502,0
id_38206,0
id_31248,0
id_11593,1
id_20967,1
id_17716,0
id_35444,1
id_1260,0
id_42262,1
id_3425,0
id_30925,0
id_39985,0
id_1946,0
id_28387,0
id_39059,0
id_12428,0
id_39840,0
id_36084,0
id_30455,0
id_40694,0
id_31660,0
id_41857,0
id_24680,0
id_23630,0
id_9386,1
id_23997,0
id_8681,0
id_32997,1
id_20589,1
id_42489,1
id_40447,1
id_37631,1
id_2273,0
id_229,0
id_12925,1
id_31419,0
id_22445,0
id_31921,1
id_18845,0
id_9993,0
id_25014,1
id_12688,0
id_24804,0
id_4957,0
id_15090,0
id_36739,0
id_4563,1
id_16619,1
id_22712,0
id_32266,0
id_1505,0
id_29033,0
id_41223,0
id_25958,0
id_21873,0
id_19938,0
id_22383,0
id_36020,1
id_16254,0
id_41954,0
id_5018,0
id_14875,0
id_9490,0
id_42451,0
id_20733,0
id_22509,1
id_10662,1
id_33599,0
id_27867,1
id_41188,0
id_31694,0
id_27627,1
id_17543,0
id_23470,0
id_30434,1
id_44739,0
id_32728,0
id_12943,1
id_28861,1
id_30182,0
id_2720,0
id_6431,1
id_17918,0
id_27347,0
id_12970,0
id_10397,0
id_7475,1
id_10261,0
id_8256,1
id_34045,1
id_44879,1
id_11894,1
id_4960,1
id_3851,1
id_25799,0
id_41586,0
id_14452,1
id_41775,0
id_27035,0
id_9054,0
id_28205,0
id_29202,0
id_23843,0
id_29730,0
id_13597,0
id_35750,0
id_17689,1
id_3224,0
id_39926,1
id_30169,0
id_18501,0
id_34926,1
id_24533,0
id_35297,1
id_7640,1
id_26192,0
id_7096,0
id_30096,1
id_22616,0
id_20773,0
id_5319,1
id_9834,0
id_18268,1
id_30143,1
id_29334,0
id_28199,0
id_10302,0
id_43594,0
id_28964,0
id_1556,0
id_36764,0
id_21051,1
id_696,0
id_29670,1
id_38256,1
id_10540,1
id_40593,0
id_38851,1
id_36243,0
id_6371,0
id_4918,1
id_12953,0
id_38317,0
id_11187,1
id_15821,0
id_1230,1
id_15427,1
id_32652,0
id_39135,1
id_22478,0
id_15425,0
id_7800,0
id_44374,0
id_43353,1
id_18038,0
id_29457,0
id_38241,1
id_23059,0
id_8795,0
id_42638,1
id_21271,0
id_6489,1
id_36936,0
id_19881,0
id_45017,1
id_24743,0
id_37780,0
id_874,0
id_19084,0
id_41494,0
id_625,0
id_23455,0
id_563,1
id_42464,1
id_37509,0
id_27995,0
id_36176,0
id_20684,0
id_2786,1
id_4161,0
id_3193,0
id_3929,1
id_41239,0
id_2075,1
id_10931,0
id_34678,1
id_26423,0
id_4853,0
id_31541,0
id_14628,0
id_34126,0
id_12808,0
id_3723,0
id_35374,1
id_36903,0
id_25155,0
id_34421,0
id_7412,1
id_26816,0
id_9094,1
id_31547,0
id_40987,1
id_33969,1
id_14291,1
id_4122,0
id_40539,1
id_35584,0
id_23043,0
id_41452,0
id_41861,0
id_37332,0
id_28614,1
id_9281,1
id_26367,0
id_33563,0
id_25036,0
id_41397,0
id_3118,0
id_1551,0
id_31688,1
id_20445,0
id_338,1
id_20214,0
id_2840,0
id_32552,0
id_21989,0
id_26261,0
id_43854,1
id_8845,1
id_27632,0
id_24801,0
id_27924,1
id_20522,0
id_33647,0
id_10689,1
id_40261,1
id_42549,0
id_9338,0
id_33788,1
id_21236,0
id_16192,0
id_8281,1
id_19530,0
id_15972,0
id_12484,0
id_20949,0
id_32099,1
id_25007,1
id_7765,0
id_24336,0
id_11711,0
id_17207,0
id_26200,1
id_943,0
id_18701,0
id_41289,1
id_24618,0
id_21164,0
id_42465,1
id_33659,0
id_22850,1
id_44510,0
id_42838,1
id_38926,1
id_41034,0
id_15474,0
id_4787,0
id_28380,0
id_1977,0
id_20176,0
id_2018,0
id_26576,1
id_29241,0
id_39680,1
id_36374,0
id_25912,1
id_22286,0
id_31861,0
id_36839,1
id_15450,1
id_7652,1
id_3594,0
id_31022,1
id_15868,0
id_7432,0
id_17055,0
id_37682,1
id_35293,0
id_21765,1
id_20216,1
id_4234,1
id_23757,0
id_27242,1
id_4802,1
id_34975,0
id_11262,0
id_4497,1
id_20985,0
id_25420,1
id_36594,0
id_45023,1
id_33502,0
id_8144,1
id_7675,0
id_34115,0
id_2057,1
id_24387,0
id_19718,1
id_37259,0
id_8713,0
id_7337,0
id_40610,0
id_17976,1
id_3814,0
id_36330,0
id_9270,0
id_19137,1
id_926,0
id_14090,0
id_44916,0
id_23410,0
id_25306,0
id_9597,0
id_20879,1
id_34149,0
id_23375,0
id_14963,1
id_26056,0
id_22586,0
id_19207,0
id_20810,0
id_15024,1
id_972,1
id_38709,1
id_41868,0
id_21629,0
id_36193,0
id_43001,0
id_273,0
id_30050,0
id_19117,0
id_41951,0
id_18601,0
id_20247,0
id_4969,0
id_33868,0
id_379,1
id_36223,0
id_24441,1
id_40831,1
id_36279,0
id_43843,0
id_14723,1
id_7314,1
id_25087,1
id_21167,1
id_27013,1
id_5012,1
id_24711,1
id_15652,0
id_19043,0
id_2884,1
id_23116,1
id_20823,0
id_16591,1
id_1131,0
id_22942,1
id_28465,0
id_36881,1
id_40726,0
id_7797,0
id_8774,0
id_11877,0
id_12935,1
id_35851,1
id_11932,0
id_41282,0
id_10598,0
id_33727,1
id_35121,1
id_16983,0
id_42551,1
id_39565,1
id_21495,0
id_27021,0
id_44936,0
id_31110,1
id_40018,1
id_32991,0
id_4798,0
id_2536,0
id_20942,1
id_19693,0
id_40739,1
id_12492,0
id_14783,0
id_37711,1
id_24277,1
id_42487,0
id_42671,0
id_36360,0
id_466,0
id_6752,1
id_33087,0
id_1426,0
id_19960,0
id_42376,1
id_11864,0
id_24939,1
id_21884,0
id_37310,0
id_1833,1
id_15773,0
id_22849,0
id_39218,0
id_25916,0
id_6480,0
id_31611,1
id_24574,0
id_41431,0
id_27567,0
id_21492,0
id_23654,0
id_29311,0
id_21366,0
id_16002,0
id_36042,1
id_37904,1
id_30993,1
id_7917,0
id_37270,0
id_7742,1
id_9335,0
id_23534,0
id_42305,1
id_13852,0
id_43663,0
id_35790,0
id_24240,0
id_4506,0
id_20674,0
id_40476,1
id_28579,0
id_10175,0
id_5413,0
id_10751,1
id_4191,1
id_37042,1
id_43918,0
id_17494,0
id_42819,1
id_31325,1
id_8323,1
id_20822,0
id_8251,0
id_30353,0
id_41491,0
id_44401,0
id_27536,0
id_22669,0
id_38862,0
id_38273,0
id_2551,0
id_24162,1
id_18266,1
id_2410,1
id_23026,0
id_16159,0
id_40124,1
id_7995,1
id_12471,0
id_15939,0
id_31403,0
id_5754,0
id_5882,1
id_11772,0
id_3880,0
id_16191,0
id_3205,0
id_23542,1
id_19033,1
id_4178,1
id_33494,1
id_1187,1
id_28160,0
id_44624,0
id_35999,0
id_395,0
id_28436,0
id_37940,0
id_29478,0
id_28038,1
id_33940,0
id_42087,0
id_28254,0
id_36424,1
id_17,1
id_22091,0
id_41051,1
id_19970,1
id_32045,1
id_9077,0
id_11532,0
id_20963,0
id_43181,1
id_16877,0
id_18531,1
id_28077,1
id_19392,0
id_42527,0
id_24045,0
id_12109,0
id_6422,0
id_26422,0
id_24569,0
id_28594,0
id_5940,0
id_29266,0
id_38361,0
id_18851,1
id_31040,0
id_4971,1
id_6658,1
id_7119,0
id_24744,0
id_5743,1
id_16963,0
id_29569,0
id_23239,0
id_35597,1
id_18906,1
id_4221,1
id_36625,1
id_39409,0
id_27832,1
id_5774,1
id_7812,0
id_12853,1
id_18083,1
id_5119,0
id_4002,0
id_43369,0
id_15754,0
id_5454,0
id_38872,1
id_3521,0
id_19590,0
id_21712,0
id_1689,0
id_12939,0
id_30997,0
id_29723,0
id_7507,0
id_23108,0
id_22638,0
id_44690,0
id_30453,0
id_7329,0
id_39063,0
id_8159,0
id_44095,0
id_18965,0
id_42214,0
id_18463,0
id_42557,0
id_22312,0
id_5514,1
id_10527,0
id_20870,1
id_3024,0
id_13686,1
id_6379,0
id_37483,1
id_40070,0
id_3890,0
id_25292,0
id_9605,0
id_29390,0
id_34151,0
id_44976,0
id_39489,1
id_38443,0
id_30633,0
id_3598,0
id_1700,0
id_8970,0
id_32660,1
id_16173,1
id_17773,1
id_8201,1
id_10600,1
id_42143,0
id_23286,0
id_5200,1
id_304,0
id_44928,1
id_9674,0
id_17130,0
id_31946,0
id_9860,0
id_9673,1
id_26555,1
id_9949,1
id_10542,0
id_41680,0
id_44226,1
id_36639,0
id_4694,0
id_9610,1
id_14879,0
id_35668,1
id_26219,0
id_2365,0
id_15384,1
id_836,0
id_40378,0
id_28148,0
id_34792,1
id_30129,0
id_3722,0
id_20421,1
id_30917,0
id_1653,1
id_13635,0
id_11242,0
id_27374,1
id_35749,0
id_42480,1
id_7275,0
id_21914,0
id_3925,1
id_22228,0
id_23577,0
id_44164,1
id_21863,0
id_9814,0
id_38700,1
id_3534,0
id_13430,0
id_37900,0
id_39732,0
id_5077,1
id_4894,0
id_17841,1
id_24589,0
id_33422,0
id_40421,0
id_43028,0
id_36949,0
id_21599,0
id_32564,0
id_30458,0
id_29592,0
id_31856,0
id_23365,0
id_44346,1
id_43198,0
id_11437,1
id_42620,0
id_25715,1
id_11813,0
id_1046,0
id_17014,0
id_15139,0
id_4824,1
id_23638,0
id_28365,0
id_27056,0
id_41118,1
id_21657,1
id_16667,0
id_13737,0
id_21522,0
id_3296,0
id_41407,0
id_11097,0
id_448,0
id_15813,0
id_7544,0
id_11100,1
id_4107,0
id_34413,0
id_40490,1
id_8324,1
id_28168,0
id_14966,0
id_11162,1
id_41564,1
id_16890,0
id_31777,0
id_7192,1
id_30487,0
id_39322,1
id_28799,0
id_21455,0
id_11948,0
id_44302,0
id_2074,0
id_34986,0
id_29537,0
id_3269,0
id_6109,0
id_39120,1
id_39315,1
id_7971,1
id_25405,1
id_25180,0
id_35148,0
id_5314,0
id_26352,0
id_3250,0
id_33317,0
id_37060,0
id_41572,0
id_3618,1
id_7134,0
id_396,1
id_4297,0
id_14693,0
id_36027,1
id_23478,0
id_14488,0
id_17519,1
id_29016,0
id_31887,0
id_19285,0
id_17270,0
id_26175,0
id_40210,1
id_28825,1
id_22846,0
id_35076,0
id_10809,0
id_11029,0
id_3436,0
id_16900,0
id_42836,1
id_38809,0
id_18794,1
id_28926,1
id_23331,1
id_5047,0
id_33370,1
id_23267,0
id_20995,0
id_9994,0
id_39270,0
id_42905,0
id_760,0
id_6197,0
id_20907,0
id_21551,1
id_4965,1
id_25208,0
id_42234,0
id_6716,0
id_44775,1
id_8314,1
id_210,0
id_30477,1
id_28538,0
id_24771,0
id_14191,0
id_28363,1
id_44021,0
id_21139,0
id_18400,0
id_19993,1
id_21441,0
id_37457,0
id_16035,0
id_26632,0
id_8704,1
id_4013,0
id_6840,0
id_44765,0
id_17251,1
id_14445,0
id_9139,1
id_43976,1
id_40849,0
id_31302,0
id_38415,1
id_18021,1
id_22807,1
id_44052,1
id_38813,1
id_39242,0
id_42312,0
id_19546,0
id_6441,0
id_42057,0
id_13331,0
id_30472,0
id_40266,0
id_35176,1
id_22067,1
id_10172,0
id_19389,1
id_41979,0
id_31377,0
id_34256,0
id_6682,0
id_43932,1
id_34505,0
id_3228,0
id_34755,0
id_5463,0
id_27001,0
id_31957,0
id_24318,0
id_26897,0
id_12253,0
id_11952,1
id_17593,0
id_38329,0
id_40138,1
id_42426,0
id_11158,0
id_36596,1
id_39485,0
id_27359,0
id_41308,1
id_30213,0
id_19265,0
id_20936,0
id_31070,1
id_25297,0
id_34171,0
id_34427,1
id_6749,0
id_11212,0
id_37684,0
id_161,1
id_27533,1
id_6284,0
id_43486,0
id_7385,0
id_20457,0
id_37160,0
id_35446,0
id_11013,1
id_44134,0
id_25590,0
id_17013,0
id_41103,0
id_23828,0
id_43715,0
id_13350,0
id_39147,0
id_14450,1
id_12285,0
id_43822,0
id_14630,1
id_36053,1
id_5334,0
id_42213,0
id_27500,0
id_44253,1
id_20388,0
id_33469,1
id_24663,1
id_10773,0
id_10844,0
id_21201,0
id_1827,0
id_20483,1
id_21501,1
id_7004,1
id_15217,1
id_42811,0
id_6562,1
id_37108,0
id_5237,0
id_14175,0
id_21659,0
id_43885,0
id_6720,0
id_43703,0
id_36292,0
id_12384,0
id_39811,1
id_9062,0
id_27104,0
id_29919,1
id_45006,0
id_35031,1
id_32594,0
id_34806,1
id_2849,0
id_42875,0
id_10776,0
id_40945,1
id_35835,0
id_22918,0
id_40417,0
id_19368,0
id_13433,0
id_34717,0
id_20125,1
id_15609,0
id_7131,0
id_2777,0
id_43719,0
id_15538,0
id_19308,0
id_36678,1
id_12827,1
id_29331,0
id_11447,0
id_41398,0
id_30109,0
id_108,0
id_22496,0
id_25969,1
id_16853,0
id_4561,0
id_12265,0
id_26282,1
id_30454,1
id_16889,0
id_15666,1
id_29594,0
id_9426,1
id_27483,1
id_21478,0
id_2272,1
id_10645,1
id_4710,0
id_36376,0
id_30634,0
id_23678,1
id_29227,0
id_37839,0
id_2169,1
id_41075,0
id_2756,0
id_28056,1
id_30869,0
id_43179,0
id_17752,1
id_11349,0
id_1676,0
id_8319,0
id_8255,1
id_34882,1
id_42662,1
id_33665,1
id_34006,1
id_16010,1
id_509,0
id_6305,0
id_3617,1
id_7303,0
id_8446,1
id_27778,0
id_41498,1
id_40783,0
id_10031,0
id_28234,0
id_9057,0
id_37385,1
id_33895,0
id_18146,0
id_39853,0
id_13229,0
id_26157,0
id_23240,0
id_44595,0
id_2412,1
id_21340,0
id_16443,1
id_23551,0
id_27863,0
id_1721,0
id_22830,0
id_24154,0
id_25546,0
id_19833,1
id_38169,0
id_31969,0
id_38774,1
id_20601,0
id_17086,1
id_22799,0
id_13946,0
id_26121,1
id_11352,1
id_23813,0
id_36159,0
id_11473,0
id_21135,0
id_31759,1
id_30238,0
id_28048,1
id_13523,1
id_16250,1
id_41730,0
id_45091,0
id_39994,0
id_39784,0
id_40081,1
id_26297,1
id_27736,0
id_7120,0
id_27071,0
id_25698,0
id_17446,0
id_43307,1
id_20114,1
id_45188,0
id_44934,1
id_21891,1
id_4483,0
id_29996,1
id_39534,1
id_16102,0
id_11313,1
id_15437,1
id_19284,0
id_42979,1
id_19,0
id_42280,0
id_18236,0
id_199,0
id_34417,1
id_25313,1
id_5370,1
id_15704,0
id_892,0
id_14059,0
id_41519,0
id_29500,0
id_25704,0
id_37881,1
id_12784,1
id_33084,0
id_38954,0
id_37339,0
id_10734,0
id_4055,0
id_26330,0
id_14690,0
id_44810,0
id_38799,0
id_29369,0
id_11343,0
id_17739,1
id_28114,0
id_19982,0
id_29423,1
id_18536,0
id_1089,0
id_43963,0
id_10488,0
id_44681,0
id_31237,1
id_25307,0
id_8158,0
id_42647,1
id_7649,0
id_11300,0
id_3621,0
id_20827,1
id_3876,1
id_40173,0
id_30133,0
id_5505,1
id_39308,0
id_35701,0
id_6902,0
id_8420,1
id_43195,0
id_16067,0
id_18163,0
id_31402,0
id_27434,1
id_1892,0
id_24855,0
id_11469,0
id_16441,0
id_40353,1
id_30754,0
id_22420,0
id_32841,0
id_34581,0
id_3370,0
id_10740,0
id_39392,1
id_19875,0
id_9115,1
id_19640,1
id_8299,1
id_31763,0
id_14767,1
id_6814,0
id_33477,0
id_22084,0
id_42131,0
id_15703,0
id_36564,0
id_7566,0
id_15269,1
id_26446,0
id_29106,1
id_28913,0
id_29822,0
id_26254,1
id_33763,0
id_745,0
id_11562,0
id_32704,1
id_25987,0
id_13837,0
id_18222,1
id_11284,0
id_11012,1
id_18345,0
id_23473,0
id_31903,0
id_44076,0
id_40213,0
id_37172,0
id_158,1
id_33585,0
id_3802,1
id_33656,1
id_44522,0
id_19859,0
id_32388,0
id_42572,1
id_3664,0
id_17937,0
id_41360,0
id_30429,0
id_22018,0
id_5744,1
id_19974,1
id_10182,1
id_2291,0
id_42990,0
id_11431,1
id_41774,0
id_33907,1
id_18934,1
id_32246,0
id_18878,0
id_33495,0
id_36104,1
id_19247,1
id_4376,0
id_15680,1
id_4246,0
id_36377,0
id_42174,1
id_36909,0
id_12077,0
id_36329,0
id_32334,0
id_4650,1
id_42672,1
id_12093,0
id_24452,0
id_22226,0
id_4043,1
id_21575,0
id_169,1
id_19647,1
id_24199,0
id_10124,1
id_13642,1
id_42714,0
id_27007,0
id_43657,0
id_14853,1
id_11285,0
id_5315,0
id_25929,1
id_19391,0
id_10258,0
id_39091,0
id_14129,1
id_44735,1
id_24834,1
id_14683,0
id_43213,0
id_28446,1
id_730,1
id_39932,0
id_22940,0
id_3011,0
id_21375,1
id_8979,1
id_4575,0
id_2147,0
id_34279,1
id_36582,1
id_30600,1
id_8033,0
id_5967,0
id_32787,0
id_37488,0
id_7316,0
id_42697,0
id_4438,0
id_45189,1
id_980,0
id_25777,1
id_13305,0
id_42453,1
id_8435,0
id_38313,0
id_40281,1
id_43091,0
id_44650,0
id_28005,1
id_14914,1
id_42089,1
id_44474,1
id_19108,0
id_36510,0
id_3825,0
id_4501,0
id_23486,0
id_8551,1
id_11559,1
id_19629,0
id_33735,1
id_916,0
id_25568,1
id_40130,0
id_34981,1
id_16311,0
id_3443,0
id_22011,0
id_2194,1
id_24219,1
id_42871,1
id_26929,0
id_5900,0
id_26079,0
id_36137,0
id_37313,1
id_29727,0
id_12586,0
id_9103,0
id_10388,0
id_24397,1
id_38793,1
id_25649,1
id_43792,0
id_44333,0
id_43731,0
id_17102,0
id_44933,0
id_19735,0
id_35337,1
id_19925,0
id_29580,1
id_32192,0
id_23992,0
id_8266,0
id_39169,0
id_9802,0
id_25322,0
id_7947,0
id_883,1
id_41892,0
id_28582,0
id_42886,0
id_10053,0
id_28712,0
id_43384,0
id_39866,0
id_9731,0
id_3846,0
id_16031,1
id_10638,1
id_38226,0
id_8054,0
id_39225,0
id_11541,0
id_7864,0
id_26918,0
id_34706,0
id_28448,1
id_23549,0
id_54,0
id_10435,1
id_23376,0
id_8276,1
id_1537,0
id_12015,0
id_40640,0
id_34479,0
id_32592,0
id_30310,1
id_42058,0
id_7916,1
id_6810,0
id_11930,1
id_43856,1
id_13096,1
id_21535,0
id_14823,0
id_22921,1
id_21246,0
id_41227,0
id_19044,1
id_41986,0
id_37153,1
id_20980,0
id_35104,0
id_24975,1
id_8462,0
id_19816,0
id_41307,1
id_42410,0
id_6179,0
id_8170,0
id_7492,0
id_41041,0
id_12119,0
id_39073,0
id_31673,1
id_18804,1
id_18243,0
id_3837,0
id_43318,0
id_32830,0
id_25319,1
id_26190,0
id_32655,1
id_42911,0
id_18078,1
id_8239,0
id_26950,1
id_24942,1
id_832,0
id_18770,0
id_37936,1
id_31066,0
id_32775,0
id_20447,0
id_39854,0
id_1340,1
id_42515,1
id_2351,0
id_37147,0
id_16586,1
id_14172,1
id_31801,0
id_8777,1
id_21128,1
id_31262,0
id_9596,1
id_2360,0
id_15599,0
id_18095,0
id_38194,1
id_42924,0
id_1026,0
id_35033,0
id_7291,1
id_6737,0
id_30089,0
id_45031,0
id_37277,0
id_42036,1
id_23708,0
id_31715,0
id_35085,1
id_12488,1
id_15464,1
id_37736,1
id_18574,0
id_30153,1
id_31389,0
id_23429,1
id_40542,0
id_5683,1
id_44457,0
id_15322,1
id_36282,0
id_10042,0
id_39306,0
id_1259,1
id_33248,0
id_1096,0
id_4526,1
id_10723,1
id_40925,0
id_13528,0
id_17554,0
id_37844,1
id_9657,1
id_26640,0
id_2214,1
id_42602,1
id_42100,0
id_19787,0
id_27203,0
id_36968,0
id_6389,0
id_32876,0
id_4001,0
id_41510,0
id_27446,0
id_24709,1
id_37528,0
id_13352,1
id_28219,0
id_36439,0
id_7856,0
id_22608,0
id_41516,0
id_6949,1
id_15562,0
id_5810,0
id_18679,1
id_37422,1
id_7702,0
id_8050,0
id_2139,1
id_13618,0
id_19818,1
id_3191,1
id_39674,1
id_8235,0
id_18755,1
id_27784,0
id_33174,0
id_42261,0
id_28809,0
id_15516,0
id_38459,0
id_33745,1
id_30275,0
id_32268,1
id_4089,0
id_18963,1
id_39817,0
id_5453,0
id_41703,0
id_17910,0
id_37083,0
id_1318,0
id_32083,1
id_34747,1
id_33152,1
id_7527,0
id_3166,0
id_1021,0
id_32147,0
id_23285,0
id_40560,0
id_19036,0
id_38974,0
id_8530,0
id_10147,1
id_1753,1
id_40332,0
id_11317,0
id_22069,0
id_8058,1
id_5414,1
id_700,0
id_40182,1
id_17514,0
id_1084,0
id_43484,1
id_24758,0
id_15091,0
id_1722,0
id_17063,0
id_23607,0
id_11370,0
id_34007,0
id_39016,1
id_14613,1
id_5081,1
id_24778,0
id_36000,0
id_33091,1
id_8562,1
id_41326,1
id_29925,1
id_295,1
id_30870,1
id_1975,0
id_19807,1
id_634,0
id_16314,0
id_3484,0
id_3806,0
id_25634,1
id_37892,1
id_17974,1
id_44553,1
id_1935,0
id_20454,1
id_38581,0
id_42861,0
id_41776,0
id_9430,0
id_23592,0
id_44394,0
id_2543,0
id_39710,1
id_13381,1
id_5302,0
id_14147,0
id_39899,1
id_1835,0
id_43132,1
id_43167,0
id_32597,0
id_24620,1
id_21855,0
id_28512,1
id_27206,0
id_36391,0
id_23397,0
id_20753,0
id_31488,0
id_11885,1
id_36728,1
id_42754,1
id_10195,0
id_40153,0
id_20402,1
id_24458,1
id_983,0
id_2513,1
id_12973,0
id_30535,1
id_15130,0
id_23348,0
id_14856,0
id_31322,1
id_8066,0
id_10266,0
id_15006,1
id_25570,0
id_31450,0
id_18047,1
id_43457,0
id_3888,0
id_22703,1
id_31574,1
id_2817,1
id_45010,0
id_3663,0
id_18673,0
id_40460,0
id_23704,0
id_251,0
id_18139,1
id_22875,0
id_21417,1
id_1135,1
id_31345,1
id_4565,1
id_12131,0
id_33295,0
id_31298,1
id_43798,1
id_18405,0
id_3979,0
id_37908,0
id_17497,0
id_26226,0
id_27450,0
id_30736,0
id_15375,0
id_1443,0
id_19321,1
id_6595,1
id_17464,0
id_10953,0
id_19962,1
id_42724,0
id_44991,1
id_44025,0
id_28032,0
id_33255,0
id_22679,1
id_20222,1
id_22642,1
id_29425,1
id_28537,0
id_40363,0
id_23464,0
id_26427,0
id_25921,0
id_4856,1
id_29608,0
id_14229,1
id_8189,0
id_29234,1
id_37209,0
id_27172,0
id_20290,1
id_14674,0
id_38434,1
id_17199,0
id_30032,0
id_1364,0
id_34572,0
id_4989,0
id_28073,0
id_42326,0
id_72,1
id_8967,0
id_38605,0
id_11372,1
id_34988,0
id_23586,1
id_23541,0
id_15784,1
id_16857,1
id_7909,0
id_25591,1
id_14292,0
id_21198,0
id_713,0
id_19804,0
id_43050,0
id_23441,0
id_9553,1
id_13633,0
id_44232,1
id_40181,0
id_23426,1
id_4059,0
id_13760,0
id_39591,1
id_34951,1
id_208,0
id_37530,0
id_2725,0
id_12757,0
id_11924,0
id_27675,1
id_43102,0
id_31563,0
id_25339,1
id_11113,1
id_31315,0
id_41136,0
id_29893,0
id_7099,0
id_15017,0
id_5760,0
id_37527,0
id_4751,1
id_40579,1
id_32886,1
id_441,0
id_22100,0
id_29551,1
id_15164,0
id_15532,1
id_21932,1
id_22945,1
id_30324,0
id_7081,1
id_7617,0
id_6022,1
id_34146,1
id_35602,0
id_22720,0
id_23269,0
id_20666,0
id_36108,0
id_43639,0
id_41242,0
id_14158,0
id_2337,0
id_38599,0
id_32586,0
id_37435,0
id_39075,1
id_9701,1
id_13503,1
id_39079,1
id_5526,0
id_16654,1
id_9099,1
id_10602,0
id_21464,0
id_33718,0
id_45120,0
id_33134,0
id_32960,0
id_1161,1
id_1581,1
id_503,1
id_11286,1
id_5523,1
id_34710,0
id_12193,0
id_11451,0
id_31913,1
id_38279,0
id_11958,1
id_18324,1
id_34347,1
id_39958,1
id_43825,1
id_11306,1
id_41886,0
id_10306,0
id_17837,1
id_8724,1
id_29337,0
id_17507,1
id_32684,0
id_38164,0
id_33427,0
id_922,0
id_29259,1
id_14647,0
id_21889,1
id_2783,0
id_13138,0
id_35553,0
id_34186,0
id_17480,1
id_28427,0
id_34834,0
id_12769,0
id_27473,0
id_36489,0
id_1033,0
id_39301,0
id_37027,1
id_16628,1
id_20201,1
id_8179,0
id_13879,0
id_16734,1
id_41540,0
id_5001,0
id_6202,1
id_43794,1
id_20672,0
id_25165,0
id_20712,1
id_2522,0
id_20188,1
id_30630,1
id_42641,1
id_17308,1
id_8538,0
id_23561,0
id_24311,0
id_24973,0
id_21474,1
id_13980,1
id_21486,0
id_42184,0
id_20695,1
id_24932,1
id_43064,0
id_1476,0
id_502,0
id_33348,1
id_39086,1
id_12643,1
id_3843,0
id_36372,0
id_44903,1
id_37350,0
id_34217,1
id_43473,0
id_28358,0
id_33607,0
id_5981,0
id_23128,0
id_27548,0
id_28730,0
id_24974,0
id_35507,0
id_39783,0
id_31788,0
id_35492,1
id_26756,1
id_25032,1
id_10884,0
id_9664,0
id_21477,1
id_3423,1
id_25551,0
id_28519,1
id_44622,1
id_21186,0
id_31575,0
id_25113,1
id_39816,1
id_8836,1
id_22417,0
id_25739,0
id_37269,1
id_32535,0
id_2809,0
id_26879,0
id_41956,1
id_23144,1
id_9967,0
id_9903,0
id_24433,1
id_8812,1
id_7846,1
id_40548,0
id_4430,0
id_30484,0
id_44151,0
id_7336,0
id_39914,0
id_23190,1
id_23624,0
id_7404,1
id_10118,0
id_20800,0
id_37927,0
id_16064,1
id_41010,1
id_25328,0
id_13890,1
id_42907,1
id_17594,1
id_7087,0
id_12820,1
id_42349,1
id_7186,0
id_36458,0
id_40772,0
id_9471,0
id_17874,1
id_27480,1
id_21773,1
id_13316,0
id_38818,1
id_10631,0
id_36855,1
id_31815,1
id_29066,0
id_14820,0
id_12985,0
id_2173,1
id_35081,0
id_24600,1
id_39292,0
id_11942,0
id_5692,0
id_30045,1
id_30525,0
id_14748,0
id_3391,1
id_39521,1
id_39074,1
id_41299,1
id_3462,1
id_9972,0
id_32092,0
id_14790,1
id_25231,0
id_35997,0
id_26620,1
id_42173,1
id_33639,0
id_22060,0
id_31001,1
id_23973,1
id_32639,0
id_25583,1
id_32039,0
id_23923,0
id_3905,0
id_44233,0
id_35794,0
id_6869,1
id_6014,1
id_5839,1
id_24723,0
id_29889,1
id_37924,0
id_42190,0
id_44562,1
id_37645,0
id_40891,0
id_20429,0
id_33262,0
id_37236,0
id_32824,1
id_9728,1
id_2828,0
id_41252,0
id_984,0
id_1761,0
id_12310,0
id_20700,0
id_41074,1
id_12664,0
id_5435,0
id_14673,0
id_27445,0
id_29714,1
id_42478,0
id_24738,1
id_14993,0
id_31889,0
id_36483,0
id_27750,0
id_285,0
id_3463,0
id_34172,1
id_20462,1
id_4278,1
id_33669,1
id_33350,1
id_44102,0
id_17848,0
id_1459,1
id_3241,0
id_33918,0
id_10395,0
id_34807,1
id_20123,0
id_33947,1
id_19552,1
id_41199,1
id_7826,0
id_35825,1
id_2515,0
id_44083,0
id_29804,0
id_36836,0
id_41485,1
id_14084,1
id_699,0
id_36482,0
id_12490,0
id_12894,0
id_28364,0
id_32994,0
id_44864,0
id_34623,0
id_12552,1
id_36967,0
id_26248,0
id_7021,1
id_20111,1
id_32124,1
id_4046,1
id_33924,0
id_32024,0
id_38968,1
id_26633,0
id_7408,1
id_35349,1
id_20709,1
id_6556,0
id_27709,1
id_3142,1
id_16518,0
id_40819,0
id_36074,0
id_42721,1
id_4603,0
id_19910,0
id_187,0
id_27017,0
id_8788,0
id_37191,1
id_32282,0
id_23449,0
id_23241,0
id_21291,1
id_31421,0
id_33649,0
id_26520,0
id_22485,1
id_19791,0
id_35861,0
id_31985,0
id_19259,0
id_32269,0
id_27579,0
id_22129,1
id_24381,1
id_43356,1
id_19245,0
id_38413,1
id_2234,1
id_29531,0
id_9836,1
id_34365,1
id_10016,0
id_7484,0
id_20518,0
id_18558,1
id_45149,0
id_43530,0
id_34346,1
id_23224,1
id_964,1
id_35886,1
id_41113,1
id_16211,1
id_4624,1
id_17662,0
id_34582,0
id_3865,0
id_1961,0
id_23858,0
id_1037,1
id_20339,0
id_32645,0
id_19820,0
id_24889,0
id_21006,1
id_42418,0
id_19028,0
id_8659,0
id_38134,0
id_43670,0
id_5394,0
id_16818,1
id_2081,1
id_35983,1
id_33324,0
id_34819,0
id_34632,0
id_22054,0
id_41644,0
id_21074,0
id_17679,1
id_23061,1
id_31691,1
id_1675,1
id_94,0
id_14149,0
id_7721,0
id_20880,0
id_24960,0
id_35613,0
id_21290,1
id_34802,0
id_30579,1
id_24201,0
id_4678,0
id_11038,0
id_35086,0
id_4675,0
id_33796,0
id_22057,1
id_40912,0
id_10647,0
id_8040,0
id_43335,1
id_15756,0
id_29002,0
id_5890,1
id_12067,0
id_40457,0
id_3025,1
id_12876,0
id_14545,1
id_44722,0
id_5149,0
id_2571,1
id_26667,1
id_7063,0
id_19062,1
id_44703,0
id_6957,0
id_33449,1
id_562,0
id_37786,0
id_44105,0
id_31741,1
id_4017,0
id_8686,1
id_33189,0
id_38420,0
id_9595,1
id_17867,0
id_44760,0
id_12654,0
id_40163,1
id_21752,0
id_18609,0
id_2635,1
id_32081,1
id_26196,0
id_9659,0
id_25269,0
id_30611,1
id_16842,1
id_43379,0
id_35375,1
id_24812,1
id_1973,0
id_27341,0
id_21881,1
id_3616,1
id_14184,0
id_19747,1
id_4422,0
id_17040,1
id_32069,0
id_3476,0
id_21511,1
id_30119,0
id_39427,0
id_31739,0
id_18035,0
id_839,0
id_3627,1
id_12044,0
id_17073,1
id_6063,1
id_30430,1
id_6246,0
id_11632,0
id_7833,0
id_44969,0
id_45084,1
id_647,1
id_38751,0
id_30621,0
id_28483,1
id_39615,0
id_44128,1
id_37652,1
id_19367,0
id_38389,1
id_12806,1
id_9331,1
id_23504,1
id_28119,1
id_21042,0
id_14704,0
id_16863,1
id_41607,0
id_9771,0
id_32619,0
id_11652,1
id_35506,1
id_44557,0
id_11826,0
id_2187,0
id_25289,1
id_42010,0
id_29212,0
id_43886,1
id_19907,0
id_15607,0
id_39786,0
id_36827,0
id_30335,0
id_22113,0
id_8325,0
id_26103,0
id_9129,0
id_21895,0
id_39405,0
id_38147,0
id_194,0
id_10687,0
id_18061,1
id_34122,1
id_36363,0
id_41579,1
id_22087,1
id_22402,0
id_31818,0
id_26470,0
id_23856,0
id_935,0
id_19795,0
id_28793,0
id_21341,0
id_28943,1
id_38732,0
id_18199,0
id_7907,0
id_4337,0
id_27421,1
id_6,0
id_33044,0
id_13546,0
id_26269,1
id_21194,0
id_18672,0
id_35623,0
id_3860,0
id_42616,0
id_21558,1
id_13644,0
id_29770,0
id_13312,0
id_21885,0
id_37247,1
id_12522,0
id_44067,0
id_22886,0
id_23296,1
id_3513,0
id_18659,1
id_4919,1
id_40282,0
id_40411,0
id_20865,0
id_7052,0
id_5948,0
id_43043,0
id_7681,0
id_24983,0
id_18884,0
id_25461,0
id_20723,1
id_43098,1
id_35159,0
id_25282,1
id_43107,0
id_18597,0
id_963,0
id_413,0
id_26142,0
id_2251,1
id_25379,0
id_14237,0
id_19000,0
id_5037,1
id_17713,0
id_33296,0
id_32493,1
id_5879,0
id_20574,0
id_20931,0
id_38043,1
id_11676,0
id_4702,0
id_18793,1
id_41518,0
id_21060,0
id_3381,0
id_44173,1
id_39727,1
id_43737,1
id_18417,0
id_2052,0
id_39829,0
id_1427,0
id_9919,0
id_40549,1
id_40436,1
id_1299,1
id_15780,0
id_17375,0
id_10650,0
id_18970,1
id_8352,0
id_19110,0
id_29716,0
id_20313,0
id_26350,0
id_2623,0
id_11298,1
id_36665,1
id_31646,0
id_19863,0
id_3672,0
id_4311,0
id_36703,0
id_32302,0
id_4344,0
id_38346,0
id_14269,0
id_28475,1
id_25716,0
id_9607,1
id_13446,1
id_7928,0
id_34174,1
id_42404,0
id_15711,1
id_1265,0
id_2996,0
id_30142,0
id_28905,0
id_4808,1
id_24195,1
id_24151,0
id_2484,0
id_8555,1
id_25393,1
id_35073,0
id_966,1
id_21443,1
id_40014,0
id_40106,0
id_12494,0
id_35627,0
id_5857,0
id_664,0
id_42355,0
id_14686,1
id_23461,1
id_13062,0
id_32216,1
id_37540,1
id_12375,0
id_31835,0
id_18687,1
id_27774,0
id_23035,0
id_22473,0
id_1092,0
id_4690,0
id_1974,0
id_40315,0
id_23386,1
id_15946,1
id_13174,0
id_19961,1
id_12323,1
id_18949,0
id_20028,0
id_18137,1
id_13880,1
id_43838,1
id_33079,0
id_16858,0
id_28251,0
id_7524,0
id_44495,0
id_3954,0
id_30058,0
id_18846,1
id_22719,0
id_31936,0
id_38979,0
id_20792,0
id_35901,1
id_930,0
id_3340,0
id_30695,0
id_2384,1
id_13690,0
id_32788,1
id_23238,1
id_9007,1
id_8672,0
id_23793,0
id_30577,1
id_34032,0
id_4573,0
id_10549,1
id_19606,0
id_16095,0
id_31760,0
id_2642,1
id_6131,0
id_33022,0
id_6772,0
id_41831,0
id_20300,0
id_16358,0
id_30540,0
id_20070,0
id_30858,1
id_2415,0
id_29286,0
id_21581,1
id_25040,1
id_45097,1
id_33481,0
id_6334,0
id_20376,1
id_19464,0
id_8638,0
id_42063,1
id_5941,0
id_26136,0
id_4927,0
id_7862,1
id_2091,0
id_7628,0
id_20064,0
id_6387,0
id_17656,1
id_7028,1
id_36819,1
id_2997,1
id_3091,1
id_5935,0
id_17395,0
id_4815,0
id_7013,0
id_11395,0
id_30569,1
id_27918,1
id_4135,1
id_40419,0
id_21268,0
id_35426,0
id_23707,1
id_6228,1
id_4386,1
id_13221,0
id_15822,0
id_28286,0
id_44600,1
id_4889,1
id_34506,1
id_16334,1
id_35774,0
id_28464,0
id_21454,0
id_16599,0
id_3196,0
id_33226,0
id_20516,0
id_42338,0
id_8282,1
id_44763,0
id_24116,0
id_12224,0
id_21335,0
id_31476,0
id_8662,0
id_32040,1
id_287,1
id_36693,0
id_10058,1
id_4283,0
id_13032,0
id_12991,1
id_34851,0
id_42999,1
id_40485,0
id_8261,0
id_40703,1
id_8339,0
id_22294,0
id_18288,1
id_387,0
id_27611,1
id_44507,0
id_40242,0
id_31273,0
id_11543,0
id_4447,0
id_7504,0
id_2145,0
id_4682,0
id_31836,1
id_23897,0
id_22313,0
id_21181,0
id_13126,0
id_26504,0
id_25373,1
id_37976,0
id_39557,0
id_36831,0
id_42319,1
id_25192,1
id_21394,1
id_3815,1
id_43662,0
id_7535,0
id_33276,1
id_887,0
id_19311,0
id_31643,0
id_15696,0
id_13209,0
id_7015,0
id_44613,1
id_44478,0
id_34374,0
id_7339,1
id_13262,1
id_28708,1
id_5726,1
id_26493,1
id_2373,1
id_12651,0
id_3717,1
id_33829,1
id_23683,0
id_21682,0
id_11959,1
id_13496,1
id_35691,1
id_5969,0
id_5802,0
id_26770,0
id_29518,1
id_19686,0
id_8254,1
id_39219,1
id_13025,0
id_45003,1
id_9584,0
id_30442,1
id_333,0
id_27335,1
id_29278,0
id_29636,0
id_39049,1
id_31341,1
id_41648,0
id_31301,0
id_16315,0
id_17069,1
id_25514,0
id_15370,0
id_37568,0
id_43800,1
id_44145,0
id_39983,0
id_992,0
id_34401,1
id_33736,1
id_16069,0
id_33857,0
id_22670,1
id_38934,0
id_11151,1
id_2856,0
id_30112,1
id_10410,0
id_44288,1
id_598,0
id_1291,0
id_38384,0
id_3331,0
id_32736,1
id_38433,0
id_18156,1
id_1621,0
id_31458,0
id_2917,1
id_27914,0
id_18866,1
id_3665,1
id_15919,0
id_22490,0
id_15991,1
id_23435,0
id_39425,0
id_30356,1
id_12396,1
id_29196,0
id_36128,0
id_2311,1
id_6065,0
id_22277,1
id_26514,0
id_42884,1
id_16079,0
id_1111,0
id_11520,1
id_23543,0
id_10565,1
id_34712,1
id_12302,1
id_26489,1
id_37414,0
id_31864,0
id_34485,0
id_38295,0
id_22489,1
id_10272,0
id_6108,0
id_34253,0
id_35302,0
id_10856,1
id_20551,0
id_9003,0
id_24796,1
id_7822,1
id_39320,1
id_10141,0
id_8590,0
id_14705,0
id_15243,0
id_24598,0
id_34863,1
id_31335,1
id_28900,0
id_35050,0
id_1754,1
id_40605,1
id_22503,0
id_29407,1
id_33779,0
id_42306,0
id_36895,1
id_300,0
id_25374,1
id_35272,0
id_42675,0
id_12931,0
id_28916,0
id_13888,0
id_14284,0
id_27906,1
id_43298,1
id_22364,1
id_14451,0
id_30643,0
id_15378,1
id_28418,0
id_14516,0
id_28697,0
id_7874,0
id_8278,1
id_20476,0
id_21664,0
id_22629,0
id_37790,0
id_25991,1
id_36824,0
id_35683,0
id_11729,1
id_11478,0
id_34280,0
id_23164,1
id_13562,1
id_3482,1
id_20734,1
id_29058,1
id_18651,0
id_9543,0
id_30711,1
id_8698,0
id_23402,1
id_38268,0
id_35063,0
id_12774,0
id_15574,0
id_7668,0
id_40496,0
id_31388,0
id_26355,1
id_30504,1
id_22079,0
id_27519,0
id_21649,1
id_31003,1
id_13177,0
id_11456,1
id_14079,0
id_23258,0
id_36253,0
id_31832,0
id_19928,0
id_43852,0
id_16047,0
id_3735,1
id_28294,1
id_22133,0
id_30969,0
id_35359,0
id_6533,1
id_15417,1
id_5653,0
id_15598,0
id_15053,0
id_16332,0
id_30253,0
id_6587,1
id_2181,0
id_20631,0
id_3533,0
id_28430,0
id_35082,1
id_29269,0
id_36602,1
id_38757,1
id_9631,1
id_41512,1
id_43947,0
id_42562,1
id_4057,0
id_38728,1
id_8424,1
id_5310,0
id_8410,0
id_33999,0
id_6467,1
id_7521,0
id_36484,0
id_36373,1
id_13961,0
id_33804,1
id_21896,0
id_607,0
id_35260,0
id_36100,0
id_4015,0
id_29811,1
id_30528,1
id_38217,1
id_10098,1
id_29136,0
id_28498,1
id_41694,0
id_18983,0
id_20626,1
id_14580,0
id_42679,1
id_2259,0
id_4991,0
id_40793,1
id_7167,1
id_30469,1
id_26771,1
id_25457,0
id_10143,1
id_31497,1
id_25475,0
id_34729,1
id_12839,0
id_392,1
id_25870,0
id_33817,0
id_13115,0
id_12141,0
id_6602,1
id_41037,0
id_8320,0
id_39273,0
id_3153,0
id_20157,0
id_40695,0
id_42709,0
id_2117,0
id_21931,1
id_21142,0
id_9417,0
id_26827,0
id_20449,1
id_18812,0
id_38481,1
id_2227,0
id_7387,1
id_7019,0
id_9781,0
id_27633,1
id_5993,0
id_31384,0
id_1094,0
id_27831,0
id_32887,0
id_16317,0
id_41160,0
id_28031,1
id_39206,0
id_9715,0
id_6818,0
id_14644,0
id_2864,0
id_27111,1
id_8370,0
id_20943,0
id_18568,1
id_37016,0
id_18157,0
id_23385,1
id_897,0
id_13250,0
id_17812,1
id_11640,1
id_19558,1
id_19079,1
id_35546,0
id_40892,0
id_30886,1
id_42128,0
id_38253,0
id_8675,1
id_26597,1
id_35111,0
id_26073,1
id_8930,0
id_30951,1
id_31501,1
id_41571,1
id_23335,0
id_1682,0
id_6164,0
id_13877,0
id_36938,0
id_4184,1
id_3245,1
id_21979,1
id_11282,1
id_747,0
id_43328,0
id_31623,1
id_24510,0
id_30225,0
id_5004,0
id_33399,0
id_11806,0
id_32705,1
id_42372,0
id_22460,0
id_35497,0
id_23311,0
id_16490,0
id_24571,1
id_41057,0
id_44460,1
id_9883,0
id_38502,1
id_43257,0
id_30554,1
id_7489,1
id_15964,0
id_24585,0
id_30885,0
id_27990,0
id_41116,1
id_44114,0
id_22349,1
id_10094,1
id_8131,0
id_43071,0
id_37910,0
id_11668,1
id_21099,0
id_43183,1
id_35796,0
id_28557,0
id_17440,1
id_26358,1
id_2182,1
id_28255,1
id_8283,0
id_12434,1
id_30821,1
id_2015,0
id_1781,1
id_17295,0
id_35212,0
id_41925,1
id_43554,0
id_10524,0
id_31381,1
id_5447,1
id_29388,0
id_33124,0
id_38865,0
id_17626,0
id_8660,1
id_34933,0
id_12167,0
id_30246,0
id_38444,0
id_6017,0
id_2199,1
id_35388,0
id_42309,0
id_15671,0
id_29306,1
id_5552,0
id_4232,0
id_14137,0
id_10163,1
id_15061,1
id_35498,1
id_32908,1
id_31366,1
id_31306,0
id_21468,0
id_43735,0
id_31424,0
id_30546,1
id_29053,1
id_9835,1
id_5570,1
id_3419,0
id_29449,0
id_6044,0
id_8810,1
id_21328,1
id_3040,0
id_17580,0
id_39431,0
id_22596,1
id_35665,0
id_32465,1
id_28412,0
id_14833,0
id_41013,0
id_39355,0
id_27783,0
id_13157,0
id_12072,0
id_20195,1
id_14482,0
id_5267,0
id_7308,0
id_6438,0
id_15895,0
id_36248,0
id_38178,1
id_6742,0
id_4260,1
id_18939,0
id_31290,1
id_40023,0
id_41432,1
id_13550,0
id_41406,1
id_5861,0
id_26124,1
id_22131,0
id_40071,0
id_33297,0
id_23958,0
id_36945,1
id_37570,0
id_7999,1
id_14416,1
id_11519,0
id_39878,1
id_25467,0
id_26870,0
id_25980,0
id_31065,0
id_33780,0
id_5535,0
id_35558,0
id_1669,0
id_42613,0
id_11827,1
id_38382,0
id_7898,1
id_1734,0
id_7689,0
id_8057,0
id_885,1
id_9866,0
id_23815,1
id_22438,1
id_4060,1
id_21992,0
id_3549,1
id_28720,0
id_15454,1
id_18147,0
id_19261,0
id_21684,0
id_23021,0
id_33360,0
id_17108,0
id_5105,0
id_33342,1
id_4274,0
id_15394,0
id_13458,0
id_19451,0
id_11271,1
id_26337,1
id_32697,1
id_14333,0
id_35141,0
id_11260,0
id_8425,0
id_43448,0
id_19631,1
id_36085,0
id_21321,0
id_2790,0
id_30093,1
id_32614,1
id_42703,0
id_40671,0
id_27498,0
id_42,0
id_9121,0
id_27636,1
id_33791,1
id_11075,0
id_30141,0
id_25764,0
id_14218,1
id_23134,1
id_37915,0
id_17958,1
id_34219,1
id_18992,0
id_8308,0
id_16539,0
id_43757,1
id_37061,0
id_38504,0
id_39477,1
id_40057,0
id_40580,0
id_21179,0
id_8140,0
id_19856,1
id_34987,1
id_4897,0
id_33638,1
id_1834,0
id_35792,1
id_684,1
id_18355,0
id_35922,0
id_16905,1
id_28742,0
id_36035,1
id_33986,1
id_5353,0
id_27167,0
id_23759,0
id_11988,0
id_29667,0
id_43546,0
id_1326,0
id_13637,1
id_44289,0
id_43471,0
id_20385,0
id_7400,1
id_22786,0
id_15723,0
id_41887,1
id_18114,1
id_22421,1
id_24749,1
id_44241,1
id_2223,0
id_26806,0
id_6177,0
id_5071,0
id_17276,1
id_21049,0
id_38546,1
id_37518,0
id_6255,1
id_4033,1
id_28605,0
id_31208,0
id_20461,1
id_43999,1
id_44878,0
id_11474,0
id_6359,1
id_40176,0
id_29203,0
id_21015,0
id_31709,1
id_232,0
id_35254,1
id_20582,0
id_5746,0
id_17628,0
id_23783,1
id_10415,1
id_34790,0
id_19841,1
id_4078,0
id_10595,1
id_12041,1
id_541,1
id_23119,1
id_17260,1
id_42431,0
id_41693,0
id_18480,0
id_66,1
id_10546,0
id_38467,1
id_10084,1
id_19323,1
id_30391,0
id_38704,1
id_39863,0
id_14599,0
id_16714,0
id_21469,0
id_20512,0
id_45054,1
id_8485,1
id_18555,0
id_14560,0
id_7737,0
id_41559,1
id_9326,0
id_41396,1
id_16620,1
id_18098,0
id_44543,0
id_11682,0
id_11854,0
id_9982,0
id_28442,0
id_13143,0
id_5474,1
id_45181,0
id_30457,1
id_32547,0
id_23223,0
id_38532,1
id_21297,0
id_34406,0
id_2376,0
id_15987,1
id_40387,0
id_44741,1
id_37008,0
id_42335,1
id_16235,1
id_11765,0
id_2638,0
id_15021,1
id_34103,0
id_23602,1
id_26389,1
id_3526,0
id_30842,0
id_29421,1
id_35010,0
id_2948,0
id_9896,1
id_8815,1
id_19301,0
id_32785,1
id_5638,0
id_24104,0
id_19839,0
id_43349,0
id_14440,0
id_4102,1
id_25914,0
id_16910,0
id_43186,0
id_42402,0
id_30605,1
id_35634,0
id_8536,0
id_37943,0
id_12382,0
id_42607,0
id_44917,1
id_20484,0
id_7817,0
id_40145,0
id_40318,0
id_4658,0
id_28672,0
id_6929,0
id_34348,0
id_25732,1
id_21399,0
id_42046,0
id_12893,0
id_23960,1
id_40862,1
id_43106,1
id_21090,0
id_4844,0
id_44322,1
id_25751,0
id_41604,0
id_7111,0
id_15137,0
id_36041,0
id_36548,1
id_21247,0
id_34704,1
id_21165,1
id_19773,0
id_21725,0
id_17255,0
id_42292,0
id_18287,0
id_36260,0
id_30741,1
id_31062,0
id_26794,0
id_6583,1
id_16966,0
id_43573,0
id_18602,0
id_13479,0
id_27069,0
id_25235,1
id_29666,1
id_43375,1
id_26180,1
id_19007,0
id_10830,0
id_35830,0
id_33398,0
id_21489,0
id_16123,0
id_19497,0
id_8232,1
id_38222,0
id_7619,0
id_22175,1
id_40507,0
id_23439,0
id_7077,1
id_30894,0
id_42231,0
id_17668,0
id_25783,0
id_5655,1
id_36562,1
id_39538,0
id_28686,0
id_27010,0
id_27852,0
id_12250,0
id_24666,0
id_1841,0
id_29271,1
id_4187,0
id_18448,0
id_38104,1
id_23242,0
id_39757,0
id_37130,0
id_17349,0
id_9214,0
id_13729,0
id_8757,1
id_44680,0
id_31865,0
id_8072,0
id_22590,1
id_17696,0
id_33382,0
id_16598,0
id_10164,0
id_38236,0
id_1886,0
id_2664,1
id_43427,0
id_24272,1
id_38945,0
id_37019,0
id_18843,1
id_25406,0
id_42660,1
id_19154,0
id_22640,0
id_31781,0
id_39226,0
id_16289,0
id_1315,0
id_16400,1
id_28972,1
id_9221,1
id_24496,1
id_38073,0
id_11781,1
id_43116,0
id_23446,1
id_11296,0
id_42965,1
id_42343,0
id_14135,0
id_29818,0
id_16592,0
id_2597,1
id_8174,1
id_32160,1
id_11434,0
id_6244,1
id_32635,1
id_33035,0
id_34276,0
id_32863,1
id_29067,1
id_10344,0
id_18014,0
id_40190,0
id_22258,1
id_11198,1
id_5574,0
id_39045,0
id_35530,0
id_2055,0
id_45038,1
id_1599,0
id_3223,0
id_19906,0
id_18363,0
id_24753,1
id_4324,0
id_25588,0
id_26707,1
id_13212,0
id_27739,0
id_38352,0
id_35555,0
id_18604,0
id_1354,1
id_19882,1
id_2805,0
id_20818,0
id_24603,0
id_24945,0
id_27198,1
id_24401,0
id_32818,1
id_14193,0
id_8892,1
id_44983,1
id_29848,1
id_17771,0
id_19780,1
id_33643,0
id_17428,1
id_34254,1
id_27858,0
id_31930,1
id_40948,1
id_3324,0
id_36261,0
id_18706,1
id_20635,0
id_6692,1
id_13632,0
id_2359,0
id_19979,1
id_41992,0
id_39438,0
id_29625,0
id_32647,0
id_11140,1
id_36315,1
id_21107,0
id_30206,1
id_27869,1
id_30247,1
id_43603,1
id_42271,0
id_44091,1
id_24478,0
id_22385,0
id_12225,0
id_36598,1
id_6690,0
id_33474,1
id_31632,0
id_34556,0
id_37589,1
id_28450,1
id_9405,1
id_17067,0
id_23912,0
id_34856,0
id_26652,0
id_21431,0
id_32201,0
id_870,0
id_902,0
id_40763,0
id_8863,0
id_35242,0
id_28535,1
id_33131,0
id_43820,0
id_27364,0
id_25855,1
id_2765,0
id_16956,0
id_20916,1
id_29109,0
id_38659,1
id_44266,1
id_28505,0
id_10932,0
id_29048,0
id_32965,0
id_41004,0
id_40872,0
id_30184,1
id_34868,0
id_34344,0
id_8360,1
id_18208,1
id_12648,0
id_13939,1
id_9661,0
id_4244,0
id_35655,0
id_39248,1
id_2032,0
id_30040,0
id_8429,0
id_19011,1
id_40674,1
id_26721,0
id_12500,1
id_36734,1
id_32522,0
id_38582,1
id_9114,1
id_7482,0
id_3161,0
id_42559,0
id_25164,1
id_43727,1
id_11893,1
id_19344,0
id_5797,1
id_21467,0
id_31669,1
id_9839,0
id_18444,0
id_37328,0
id_26499,0
id_225,1
id_36434,0
id_44877,0
id_25335,1
id_25097,0
id_10584,0
id_27681,0
id_12628,0
id_30817,1
id_25696,0
id_31940,0
id_4062,0
id_42804,0
id_45135,0
id_21036,1
id_39831,0
id_20493,1
id_18699,0
id_40393,0
id_32154,0
id_11105,0
id_19900,0
id_42520,0
id_22894,1
id_35140,1
id_42730,1
id_2257,1
id_16746,0
id_22360,0
id_39625,0
id_17844,0
id_43110,1
id_3729,1
id_7082,0
id_21923,1
id_9153,0
id_34113,1
id_38770,0
id_19827,0
id_9438,0
id_36480,0
id_15174,0
id_36865,0
id_42049,1
id_36281,1
id_35049,0
id_45080,1
id_24232,0
id_19130,0
id_34275,1
id_7682,1
id_7747,0
id_41751,0
id_24697,1
id_17319,0
id_39408,0
id_19826,0
id_10411,0
id_44247,1
id_31874,1
id_13872,0
id_9198,0
id_3349,0
id_21326,0
id_12027,1
id_37685,1
id_37705,1
id_26454,0
id_17405,0
id_22904,1
id_28256,0
id_37278,1
id_43827,0
id_34646,0
id_6621,0
id_769,0
id_10400,0
id_33052,0
id_44383,1
id_18979,1
id_16011,1
id_15715,0
id_27713,1
id_41683,0
id_15321,0
id_33912,0
id_23034,0
id_29645,0
id_43903,1
id_39709,1
id_27475,1
id_29587,0
id_9240,1
id_843,1
id_19604,1
id_32013,1
id_6450,0
id_43866,1
id_13860,0
id_14805,0
id_18736,0
id_5374,1
id_7667,0
id_21104,1
id_36304,0
id_5128,0
id_26683,0
id_34972,0
id_19922,0
id_24316,0
id_15400,1
id_9253,0
id_36605,1
id_26711,0
id_23319,0
id_39199,0
id_25687,0
id_9047,1
id_19151,0
id_99,1
id_8557,0
id_24654,0
id_44446,0
id_16671,1
id_5360,1
id_4577,1
id_2850,0
id_2118,0
id_43505,0
id_38524,0
id_3071,0
id_5790,0
id_27125,1
id_8953,1
id_14056,1
id_32237,1
id_10704,1
id_5722,1
id_15572,0
id_37544,0
id_6066,0
id_20615,1
id_44573,0
id_15399,1
id_29291,0
id_24360,0
id_24172,1
id_43461,0
id_10223,0
id_8539,0
id_26845,0
id_16739,1
id_23518,0
id_36549,0
id_33980,0
id_223,0
id_37134,0
id_39497,0
id_19484,0
id_3695,0
id_19597,0
id_35508,0
id_11669,0
id_12483,1
id_39517,0
id_3298,0
id_5583,0
id_31614,0
id_22154,0
id_29014,1
id_25637,1
id_29467,0
id_3693,1
id_32031,1
id_596,1
id_32278,0
id_23810,1
id_24380,1
id_8037,1
id_20331,0
id_34563,0
id_19184,0
id_38345,1
id_19541,1
id_13835,1
id_43330,0
id_16261,1
id_13398,0
id_2323,0
id_27981,0
id_19469,1
id_14389,1
id_40474,0
id_40386,0
id_36460,1
id_12068,0
id_15475,1
id_14432,0
id_526,0
id_43065,0
id_7914,1
id_3295,1
id_34430,0
id_10390,0
id_7940,0
id_34502,0
id_39441,1
id_13241,1
id_21245,0
id_32100,1
id_15945,0
id_24444,1
id_27580,1
id_11445,0
id_8653,0
id_31906,1
id_13868,0
id_28144,0
id_34492,1
id_40049,1
id_17230,1
id_18031,0
id_5093,1
id_43306,0
id_22862,0
id_23246,0
id_35779,0
id_9452,0
id_40171,0
id_25388,0
id_19222,0
id_11052,0
id_11060,0
id_24432,1
id_12707,1
id_15494,0
id_2064,1
id_1825,0
id_35568,1
id_31938,1
id_42774,1
id_18188,0
id_30609,0
id_16928,1
id_20609,1
id_20780,1
id_27142,1
id_17881,1
id_42093,0
id_2815,0
id_42795,0
id_4340,0
id_4240,0
id_32377,0
id_29468,0
id_27586,0
id_41287,0
id_37537,0
id_44747,0
id_29869,1
id_38798,0
id_22863,0
id_1575,0
id_28369,0
id_42571,1
id_35323,1
id_24534,0
id_45076,1
id_32330,1
id_6605,1
id_3145,0
id_22617,1
id_43779,0
id_41621,1
id_28507,0
id_33902,0
id_22199,0
id_26895,0
id_15038,0
id_38351,1
id_2759,1
id_21044,0
id_17149,0
id_34127,0
id_30513,1
id_14016,0
id_22910,1
id_3608,0
id_33256,0
id_22263,0
id_2299,1
id_7673,0
id_29375,1
id_1327,0
id_34679,0
id_11360,1
id_12951,0
id_9355,1
id_37692,0
id_20362,0
id_13781,0
id_37067,1
id_31998,0
id_40864,1
id_22275,1
id_8747,0
id_44549,1
id_14824,0
id_36262,0
id_8231,1
id_24276,1
id_7698,0
id_17408,1
id_36592,1
id_28590,0
id_16773,0
id_1284,0
id_27486,1
id_40652,0
id_44101,1
id_24145,0
id_2524,0
id_25323,0
id_38417,1
id_22733,0
id_23154,0
id_28293,0
id_29061,1
id_26177,0
id_17178,0
id_6901,0
id_41901,0
id_39706,0
id_40678,1
id_29226,0
id_365,1
id_28738,1
id_43203,0
id_44423,0
id_17188,0
id_13949,0
id_33858,1
id_22472,0
id_31169,0
id_26854,0
id_15720,1
id_38680,0
id_4328,1
id_30598,1
id_18622,0
id_8436,0
id_17503,1
id_12237,0
id_38622,0
id_31937,1
id_16938,0
id_27485,0
id_4179,1
id_34621,0
id_32021,0
id_32017,0
id_28982,1
id_28399,1
id_30884,0
id_34327,0
id_21653,0
id_29200,1
id_4553,1
id_6932,1
id_17378,1
id_14750,0
id_36408,1
id_30183,0
id_30288,0
id_31191,0
id_35755,0
id_43268,0
id_41254,0
id_18529,0
id_12745,1
id_24409,0
id_39849,0
id_18174,1
id_24696,0
id_17921,1
id_32293,0
id_3124,0
id_11563,0
id_24611,1
id_32572,0
id_7098,0
id_7606,1
id_22304,0
id_39255,0
id_39376,0
id_18185,0
id_1271,0
id_23406,0
id_28018,1
id_2003,0
id_12142,0
id_32852,1
id_33573,0
id_8275,1
id_43667,0
id_35077,0
id_36529,1
id_44463,1
id_18467,0
id_43040,1
id_38664,0
id_17831,1
id_35854,0
id_569,0
id_21228,0
id_33403,0
id_35365,0
id_44556,1
id_25105,0
id_7555,0
id_14017,1
id_22595,0
id_43492,0
id_18630,1
id_1253,0
id_7252,0
id_27312,1
id_12001,0
id_29428,0
id_1252,0
id_39685,0
id_28569,0
id_20665,0
id_18863,1
id_8756,0
id_8217,0
id_24678,1
id_17499,0
id_27953,1
id_18030,1
id_14940,1
id_18557,0
id_20171,0
id_33954,0
id_16179,1
id_25079,0
id_11779,0
id_18566,0
id_24751,1
id_27353,0
id_17571,0
id_18945,0
id_1967,0
id_8119,0
id_8043,0
id_36655,0
id_33910,0
id_8374,1
id_40203,1
id_28589,1
id_29711,0
id_16269,0
id_41309,0
id_22543,1
id_32372,1
id_23121,1
id_38921,0
id_36210,1
id_8305,0
id_389,0
id_25484,0
id_40324,1
id_15896,0
id_29902,0
id_26071,0
id_34727,0
id_14264,0
id_25555,1
id_3831,0
id_2436,0
id_41859,0
id_3765,0
id_12180,0
id_13730,0
id_37859,0
id_43676,0
id_22331,0
id_16756,1
id_18432,1
id_1310,1
id_9918,0
id_44793,0
id_32198,1
id_3428,0
id_34651,0
id_30056,0
id_20354,0
id_37493,0
id_31215,0
id_8982,0
id_794,1
id_11426,0
id_40166,0
id_24769,1
id_2489,1
id_27514,1
id_36062,1
id_13908,0
id_1971,0
id_44222,0
id_5987,1
id_16794,1
id_28088,1
id_44571,0
id_39220,1
id_19572,0
id_16225,0
id_29176,0
id_26148,0
id_35149,0
id_1904,1
id_35596,0
id_19664,1
id_34200,1
id_37871,1
id_9029,0
id_5139,1
id_34812,0
id_10013,1
id_9105,1
id_36545,1
id_24564,0
id_544,1
id_35258,0
id_43935,0
id_29297,0
id_8761,0
id_30175,0
id_31929,1
id_36351,1
id_28459,0
id_23132,0
id_19081,0
id_23906,0
id_44155,0
id_32475,0
id_43529,0
id_35891,1
id_10000,0
id_23106,0
id_44971,1
id_29118,0
id_11253,1
id_7451,1
id_35191,1
id_23872,0
id_33292,1
id_18167,1
id_23080,0
id_19988,0
id_21045,0
id_33369,0
id_2784,0
id_11910,0
id_36741,1
id_5903,0
id_41785,1
id_2962,1
id_26792,0
id_39309,0
id_45176,0
id_13559,0
id_30009,0
id_38143,1
id_32335,0
id_18726,0
id_26167,1
id_18542,1
id_27382,0
id_10770,1
id_4881,0
id_1830,1
id_44601,1
id_12671,0
id_19183,0
id_22700,1
id_39174,0
id_2688,0
id_10981,1
id_40689,0
id_44828,0
id_24877,0
id_5804,1
id_1530,0
id_8985,0
id_11403,1
id_10121,0
id_43572,1
id_26147,0
id_19852,0
id_38676,1
id_4644,0
id_9457,0
id_9493,1
id_28149,0
id_7762,0
id_21920,1
id_24101,0
id_10404,1
id_20850,0
id_12275,0
id_33506,0
id_31736,1
id_7367,1
id_1294,0
id_1216,0
id_34252,1
id_36296,0
id_7411,0
id_6933,1
id_14161,0
id_35017,0
id_3977,1
id_39838,1
id_18421,1
id_24310,1
id_34296,0
id_40227,0
id_12318,0
id_24378,0
id_38431,1
id_31713,1
id_16899,0
id_4504,0
id_30823,0
id_9889,1
id_10943,1
id_28601,1
id_21991,0
id_9511,0
id_13090,1
id_19336,0
id_26024,0
id_31765,1
id_3157,0
id_148,0
id_29422,1
id_35675,0
id_20903,0
id_10788,1
id_32827,0
id_24274,0
id_7715,0
id_44073,0
id_16745,1
id_10878,1
id_5272,0
id_20629,0
id_12106,1
id_11883,0
id_29748,0
id_2616,0
id_1880,0
id_15430,0
id_44564,0
id_2906,0
id_25218,0
id_14643,1
id_1578,0
id_43111,0
id_11362,0
id_18553,0
id_29262,1
id_25510,0
id_37967,1
id_22680,0
id_17654,0
id_30025,0
id_3508,0
id_6643,0
id_27694,0
id_27756,1
id_12032,0
id_16606,0
id_5768,0
id_16621,0
id_13149,0
id_9898,1
id_20458,1
id_18876,1
id_12618,0
id_31365,1
id_4474,0
id_25933,0
id_5870,0
id_26610,1
id_12891,1
id_40962,0
id_1030,0
id_12612,0
id_4225,0
id_9506,0
id_30516,0
id_3098,1
id_14391,0
id_41310,0
id_19679,0
id_10403,0
id_9730,0
id_38482,0
id_18168,0
id_33982,0
id_33508,0
id_14022,1
id_42892,1
id_16321,0
id_43787,1
id_23594,0
id_9934,0
id_34377,0
id_34285,0
id_40887,1
id_13954,0
id_23497,1
id_43214,0
id_24146,0
id_16258,1
id_31738,0
id_14010,0
id_17478,1
id_9650,1
id_19947,1
id_2424,1
id_4480,0
id_35629,0
id_6679,0
id_25502,0
id_42120,1
id_2387,1
id_6738,0
id_41182,0
id_4182,0
id_3973,0
id_39347,0
id_40354,1
id_33893,0
id_24883,1
id_41361,0
id_29833,1
id_26101,1
id_21363,0
id_35298,0
id_37094,0
id_40083,1
id_11032,1
id_8247,0
id_23175,0
id_8470,0
id_22593,1
id_7472,0
id_39722,0
id_25902,0
id_6166,0
id_44252,0
id_29365,1
id_2608,0
id_40003,0
id_29942,1
id_2038,0
id_33053,1
id_42437,0
id_21178,0
id_39778,1
id_3611,1
id_16111,0
id_42920,0
id_21209,0
id_12493,0
id_13140,0
id_17492,0
id_39189,1
id_25465,1
id_14031,0
id_4532,0
id_16968,1
id_32838,0
id_15847,0
id_27746,1
id_16121,0
id_21569,1
id_29718,1
id_12162,0
id_7588,0
id_19680,1
id_13132,0
id_14825,0
id_23894,1
id_23237,1
id_36175,0
id_22564,0
id_31740,1
id_13967,1
id_42027,0
id_42516,1
id_14964,0
id_20146,1
id_36645,1
id_27842,0
id_17703,0
id_83,0
id_22705,1
id_10979,1
id_37985,0
id_8457,1
id_38275,0
id_76,0
id_9608,0
id_26958,0
id_5962,0
id_3266,0
id_25709,1
id_15120,0
id_39417,0
id_32617,0
id_540,1
id_22188,0
id_2129,1
id_17642,0
id_14708,1
id_39314,0
id_775,0
id_44895,0
id_22041,0
id_33886,0
id_34157,0
id_32542,0
id_44985,0
id_13718,1
id_34326,0
id_11408,0
id_16324,0
id_6997,0
id_2753,0
id_9274,1
id_14281,0
id_11964,0
id_3969,0
id_24326,0
id_37207,0
id_34420,0
id_37781,0
id_7281,0
id_12917,1
id_23786,1
id_5869,0
id_27045,0
id_16833,0
id_1571,0
id_41368,0
id_29075,0
id_2307,0
id_197,0
id_26933,0
id_12824,0
id_13570,0
id_12779,0
id_41662,0
id_20994,0
id_40443,0
id_40541,0
id_14405,0
id_31757,0
id_12661,0
id_31790,1
id_24840,1
id_17526,0
id_42727,0
id_21192,0
id_3021,1
id_1836,1
id_5266,0
id_20046,0
id_20314,1
id_36680,0
id_12998,1
id_22764,0
id_29151,1
id_16100,0
id_14378,0
id_30240,0
id_42611,0
id_22986,1
id_2225,0
id_39480,1
id_37030,0
id_38961,0
id_19376,0
id_8453,0
id_29373,1
id_33379,0
id_16239,1
id_23275,0
id_33734,0
id_10324,0
id_14619,0
id_42862,1
id_18872,0
id_37436,1
id_23709,0
id_35342,1
id_37759,0
id_26112,1
id_21324,0
id_31194,0
id_30718,1
id_34234,0
id_11063,0
id_15476,1
id_34848,0
id_12632,1
id_15713,0
id_35476,0
id_41844,0
id_17371,0
id_43793,0
id_36115,0
id_44975,0
id_44537,1
id_12447,0
id_36392,0
id_7290,0
id_7900,1
id_9655,0
id_5841,0
id_37368,0
id_26455,0
id_8645,1
id_1308,0
id_24289,0
id_4780,0
id_10901,1
id_30710,0
id_41670,1
id_8824,0
id_32494,1
id_44100,0
id_31647,0
id_23095,0
id_17092,0
id_6275,1
id_27916,0
id_24110,0
id_10489,1
id_3540,0
id_13042,1
id_8674,1
id_44328,0
id_20580,1
id_18383,0
id_19834,1
id_41697,0
id_5704,1
id_11154,1
id_27406,1
id_30689,0
id_19513,1
id_30999,0
id_4588,0
id_43136,0
id_2599,1
id_33157,0
id_11504,0
id_44061,0
id_1693,1
id_14038,1
id_11922,0
id_3648,1
id_41226,1
id_18636,0
id_44150,0
id_25772,0
id_17617,1
id_27178,0
id_5191,0
id_41006,1
id_19141,0
id_27945,0
id_13226,0
id_32267,0
id_15483,0
id_19370,0
id_32491,0
id_7428,0
id_18561,0
id_41560,0
id_9309,0
id_43618,0
id_12711,1
id_1524,0
id_20514,1
id_15405,0
id_5348,0
id_27286,0
id_34318,1
id_20167,0
id_41805,0
id_42880,0
id_734,0
id_40060,0
id_16991,0
id_14409,1
id_10791,1
id_34196,1
id_44204,1
id_36283,0
id_15335,0
id_33561,0
id_40264,1
id_4174,0
id_31947,0
id_32930,0
id_28677,0
id_42394,1
id_32756,1
id_15917,0
id_39384,0
id_29141,0
id_40625,0
id_43890,0
id_25722,1
id_30515,1
id_6445,0
id_27095,0
id_18034,0
id_35078,0
id_20205,1
id_25936,1
id_29280,0
id_32732,1
id_13541,1
id_35006,1
id_24687,1
id_23721,0
id_42799,0
id_22499,1
id_27703,1
id_31441,1
id_11544,0
id_16410,1
id_26980,1
id_35606,0
id_8566,0
id_10256,0
id_3374,0
id_15381,0
id_11546,0
id_26938,0
id_32281,1
id_35532,0
id_28981,0
id_2520,0
id_22451,1
id_26767,1
id_18595,0
id_40295,1
id_37672,0
id_8870,1
id_43351,1
id_13609,1
id_8763,1
id_10585,0
id_28410,0
id_5929,0
id_4091,0
id_28338,0
id_44320,1
id_31363,0
id_2028,0
id_17855,1
id_9849,0
id_10911,0
id_19504,0
id_9672,1
id_33849,1
id_29549,0
id_12340,0
id_15766,0
id_44795,0
id_19559,1
id_30520,0
id_8862,0
id_19461,0
id_37322,1
id_32814,0
id_4774,0
id_19403,1
id_8944,1
id_43915,0
id_17585,0
id_12363,0
id_7641,1
id_30292,1
id_32501,1
id_19310,0
id_6039,0
id_32945,1
id_23507,0
id_17698,1
id_9260,1
id_37906,1
id_27606,1
id_9509,1
id_41478,0
id_25957,0
id_13056,1
id_28671,1
id_8997,1
id_7490,0
id_11484,0
id_39041,1
id_34009,0
id_21850,0
id_16474,1
id_23007,1
id_11004,0
id_34016,0
id_1361,0
id_39251,0
id_8022,0
id_13929,1
id_32640,0
id_16516,0
id_353,0
id_18807,0
id_32365,0
id_28319,0
id_44658,0
id_2768,0
id_19202,1
id_44646,1
id_44178,0
id_40409,0
id_11564,1
id_25851,0
id_42289,0
id_14762,0
id_24176,0
id_13084,0
id_20237,0
id_2037,1
id_27342,0
id_27954,0
id_2061,1
id_41975,1
id_15515,0
id_2045,1
id_29354,0
id_21121,0
id_27588,0
id_26503,1
id_1500,0
id_44413,0
id_23887,0
id_21153,1
id_10109,1
id_8906,1
id_16789,1
id_34046,0
id_9598,0
id_11810,1
id_31589,0
id_2924,0
id_13158,0
id_33154,1
id_29611,0
id_24764,0
id_17331,0
id_38919,1
id_23836,0
id_38219,0
id_4653,1
id_6691,1
id_34677,1
id_28283,0
id_444,1
id_11176,1
id_33521,1
id_25741,0
id_23717,1
id_18403,1
id_26819,1
id_40377,0
id_18394,1
id_15965,0
id_17181,1
id_570,0
id_43355,1
id_13401,1
id_11699,1
id_17787,0
id_5125,0
id_16252,1
id_3354,1
id_16754,1
id_14749,0
id_34124,0
id_24829,0
id_44117,0
id_20840,0
id_8707,1
id_16668,1
id_2072,1
id_16268,1
id_8094,1
id_44360,0
id_30194,1
id_19018,1
id_3500,0
id_10730,0
id_25651,0
id_40065,1
id_14362,0
id_35079,0
id_9630,0
id_29389,0
id_31711,0
id_30401,1
id_13714,1
id_45028,0
id_30114,1
id_15576,0
id_40286,1
id_38779,0
id_22833,1
id_45035,1
id_164,0
id_31591,1
id_27228,0
id_39389,1
id_12993,0
id_11109,0
id_8503,1
id_15398,0
id_6975,1
id_22952,1
id_4138,1
id_21035,1
id_38848,1
id_33275,0
id_16107,0
id_44802,0
id_17975,1
id_5642,0
id_11314,0
id_10678,0
id_4567,0
id_8543,0
id_15023,0
id_4840,0
id_4004,1
id_1487,0
id_38533,0
id_37294,1
id_43847,0
id_29988,0
id_17195,1
id_26323,0
id_23494,1
id_23141,1
id_44030,0
id_33216,0
id_5965,1
id_22741,1
id_27764,0
id_21694,1
id_3771,0
id_18593,0
id_10432,0
id_12353,1
id_17028,0
id_20238,1
id_13347,0
id_19322,0
id_9289,0
id_32504,0
id_16106,0
id_32667,1
id_10731,1
id_37576,1
id_38768,1
id_39799,1
id_42347,1
id_44629,0
id_34494,0
id_533,1
id_16907,0
id_29513,0
id_34872,0
id_44536,0
id_37272,0
id_14572,1
id_36979,0
id_7785,0
id_18809,0
id_6095,0
id_22665,0
id_41797,0
id_36820,1
id_42878,0
id_12386,0
id_8537,1
id_34879,0
id_25026,1
id_12497,0
id_40091,0
id_17421,1
id_5016,1
id_32881,0
id_12325,1
id_38485,1
id_31870,0
id_43260,0
id_22449,0
id_14145,0
id_21071,0
id_35599,0
id_31143,0
id_31183,0
id_23294,0
id_27827,0
id_36658,0
id_19858,0
id_12657,1
id_13022,1
id_7941,0
id_10120,0
id_29641,0
id_44943,0
id_27179,0
id_44525,0
id_27747,1
id_13179,1
id_12205,0
id_30158,1
id_31032,0
id_25365,1
id_13292,1
id_6851,0
id_24695,1
id_28872,0
id_38357,0
id_17208,1
id_18617,0
id_20814,0
id_28126,1
id_16583,0
id_5362,0
id_38032,0
id_43998,0
id_9045,1
id_23919,1
id_11694,0
id_42019,0
id_42210,0
id_266,1
id_13924,0
id_41636,1
id_6759,1
id_4772,1
id_28908,0
id_5045,0
id_17019,0
id_39636,0
id_12171,0
id_17649,0
id_1579,0
id_30017,0
id_12570,1
id_32989,0
id_18905,0
id_14081,0
id_12347,0
id_13942,0
id_26621,0
id_23559,0
id_5823,0
id_12966,0
id_37402,0
id_20795,0
id_43138,0
id_7511,0
id_32754,0
id_44920,0
id_11859,0
id_27214,0
id_1335,0
id_16352,0
id_13930,0
id_24317,0
id_3649,0
id_34888,0
id_36517,1
id_17707,0
id_5679,1
id_36868,1
id_1075,0
id_24668,0
id_31959,0
id_38556,1
id_11778,1
id_36306,1
id_6208,0
id_15081,0
id_7342,0
id_27892,1
id_11042,1
id_7056,0
id_13268,0
id_18583,1
id_3179,0
id_5677,0
id_697,0
id_23491,1
id_20012,0
id_7182,1
id_21,0
id_37772,0
id_26307,1
id_2332,0
id_29915,1
id_36231,1
id_13425,0
id_4830,0
id_26800,1
id_8216,0
id_27049,0
id_16469,0
id_7494,0
id_14873,0
id_1605,0
id_26681,0
id_41009,0
id_14622,0
id_10061,1
id_4286,1
id_25648,0
id_39941,0
id_40449,0
id_18252,1
id_25552,1
id_20018,0
id_24109,1
id_6367,0
id_27705,1
id_23176,1
id_5776,1
id_32712,0
id_38098,0
id_13547,0
id_44987,0
id_24039,1
id_32833,0
id_6531,1
id_0,1
id_27958,0
id_15225,1
id_16759,1
id_37169,0
id_20200,0
id_24076,0
id_791,0
id_15069,1
id_33235,1
id_12531,0
id_2641,0
id_2092,1
id_38077,0
id_27088,0
id_23526,0
id_30344,0
id_3183,0
id_36113,0
id_6287,0
id_26663,0
id_35145,1
id_16838,1
id_30408,0
id_41161,1
id_32018,1
id_19083,0
id_32307,0
id_14547,0
id_37441,0
id_3885,0
id_28134,1
id_2462,0
id_44992,0
id_36856,0
id_15279,1
id_33498,1
id_44325,0
id_20862,0
id_11780,0
id_39790,0
id_42879,0
id_43143,0
id_34810,0
id_35384,0
id_25394,1
id_42284,0
id_16393,0
id_23340,0
id_42149,1
id_40105,1
id_19593,1
id_4920,1
id_10292,0
id_38597,0
id_34306,1
id_5614,0
id_40179,0
id_37854,0
id_42604,1
id_13684,0
id_18758,1
id_33730,0
id_69,1
id_2798,1
id_23927,0
id_2029,1
id_28959,0
id_21783,0
id_10211,0
id_26722,0
id_35054,0
id_13199,0
id_15231,0
id_30217,0
id_30906,0
id_7307,0
id_45077,1
id_15993,0
id_15111,1
id_35194,0
id_32717,0
id_40886,0
id_17383,1
id_19155,0
id_38668,0
id_44788,0
id_26057,0
id_21294,0
id_33008,0
id_3580,0
id_27526,1
id_2953,0
id_319,1
id_44477,1
id_39760,1
id_41712,0
id_34181,1
id_30165,1
id_16456,1
id_43551,1
id_18712,0
id_42007,0
id_31764,0
id_42814,1
id_26178,0
id_37041,0
id_39734,1
id_10967,0
id_43416,1
id_18362,0
id_3799,0
id_19106,0
id_14340,0
id_28868,1
id_5270,1
id_13181,0
id_5063,0
id_13603,1
id_3857,0
id_14302,1
id_10362,0
id_1560,0
id_17404,0
id_421,0
id_33633,0
id_39305,0
id_30724,0
id_12530,0
id_37309,1
id_31085,0
id_9988,0
id_8826,1
id_25205,1
id_20770,0
id_9437,0
id_28523,1
id_30276,0
id_43648,0
id_12877,0
id_1540,0
id_33058,1
id_36712,0
id_33519,1
id_26450,1
id_35051,0
id_4590,0
id_26569,0
id_26648,0
id_38337,0
id_29343,0
id_42777,1
id_35009,0
id_37021,0
id_36219,1
id_498,1
id_33135,0
id_31789,0
id_6554,0
id_30802,1
id_12135,0
id_1086,0
id_29308,0
id_44700,1
id_14573,0
id_25199,1
id_27298,1
id_18273,0
id_22109,1
id_22507,0
id_13488,1
id_23637,1
id_35837,0
id_38663,0
id_7356,0
id_35091,0
id_43193,0
id_33714,1
id_211,0
id_22261,0
id_26730,0
id_17797,0
id_36721,0
id_40423,0
id_38047,0
id_21747,0
id_29180,0
id_14845,0
id_27591,1
id_18123,0
id_22692,0
id_29224,1
id_115,0
id_17536,0
id_15615,0
id_3230,0
id_37779,0
id_13708,1
id_4163,1
id_23732,1
id_10181,0
id_10304,1
id_21919,0
id_22117,1
id_24055,0
id_26978,0
id_10298,0
id_36357,1
id_10043,0
id_24005,1
id_26701,0
id_11079,0
id_1702,0
id_8245,0
id_430,1
id_33597,0
id_14498,0
id_8067,1
id_31320,0
id_35405,0
id_9255,0
id_19691,1
id_2989,0
id_42332,1
id_28994,1
id_21541,1
id_4755,1
id_5241,1
id_5781,1
id_17535,0
id_33121,0
id_21520,0
id_40766,1
id_36583,0
id_24512,0
id_14461,0
id_41829,0
id_16944,0
id_42832,1
id_34929,0
id_34791,0
id_43741,0
id_26907,0
id_34265,1
id_30601,0
id_4259,1
id_4589,0
id_82,0
id_45201,0
id_14335,1
id_20763,0
id_30825,0
id_44085,1
id_44728,1
id_11773,1
id_44012,0
id_16692,0
id_27084,1
id_14478,0
id_12283,0
id_4968,0
id_40828,1
id_14891,0
id_22821,0
id_34163,0
id_3186,1
id_28216,1
id_41384,0
id_24776,1
id_13052,1
id_3393,0
id_11977,0
id_32789,0
id_35541,0
id_22212,0
id_44713,0
id_43289,0
id_30839,0
id_4492,0
id_26953,1
id_25746,1
id_17345,0
id_35973,1
id_43962,0
id_44219,1
id_16406,0
id_45087,0
id_2915,0
id_10680,0
id_7769,0
id_44236,1
id_3760,0
id_32023,1
id_160,1
id_6085,0
id_9279,1
id_19328,0
id_6315,1
id_39731,1
id_20895,1
id_27550,1
id_39404,0
id_25100,1
id_27523,0
id_39523,0
id_9858,0
id_12616,1
id_4870,0
id_8798,1
id_2339,0
id_236,0
id_21189,0
id_30606,0
id_24189,0
id_6243,0
id_28074,0
id_29285,0
id_38028,1
id_18995,0
id_42505,0
id_19688,0
id_35667,1
id_33266,0
id_36388,1
id_24635,1
id_44849,1
id_35974,0
id_32953,0
id_20762,0
id_17550,0
id_1413,0
id_6097,1
id_25938,0
id_500,1
id_43850,0
id_4692,0
id_37210,1
id_24545,1
id_188,1
id_44672,1
id_43839,0
id_7447,0
id_33128,1
id_8010,1
id_16959,1
id_39190,1
id_35261,1
id_39195,0
id_36914,1
id_19919,0
id_6830,0
id_23003,0
id_28536,1
id_36214,1
id_24269,0
id_27551,0
id_19964,0
id_13522,0
id_29340,1
id_8542,0
id_41669,1
id_21123,0
id_38422,1
id_6118,0
id_20632,1
id_331,1
id_24075,0
id_15290,1
id_7141,0
id_17944,1
id_40144,1
id_3864,0
id_27394,1
id_15360,0
id_24457,1
id_26434,0
id_17966,0
id_32941,0
id_40258,0
id_16737,1
id_22160,0
id_32692,1
id_40205,1
id_14277,0
id_18990,0
id_43701,0
id_25935,0
id_28727,0
id_13851,1
id_26828,0
id_10216,1
id_21611,0
id_30536,1
id_2565,0
id_6585,0
id_7986,0
id_26068,0
id_1404,1
id_39879,1
id_1421,1
id_30026,1
id_3,0
id_18530,0
id_41765,0
id_22754,0
id_12092,1
id_33378,0
id_16376,1
id_10850,0
id_23357,0
id_37945,0
id_23769,0
id_5832,1
id_19951,1
id_15254,0
id_29357,0
id_26174,0
id_6484,0
id_16883,0
id_538,1
id_19880,1
id_34340,1
id_41342,0
id_20485,0
id_34920,0
id_4677,0
id_35519,1
id_11588,0
id_37911,0
id_36031,1
id_9705,0
id_25941,1
id_8784,1
id_29744,0
id_29273,0
id_31202,1
id_41921,0
id_13641,0
id_40488,1
id_35650,0
id_20093,0
id_12766,0
id_24775,0
id_8556,0
id_25740,0
id_4500,0
id_20226,1
id_14162,0
id_43805,0
id_1223,0
id_1919,1
id_43041,1
id_37997,0
id_26533,0
id_28170,0
id_40340,1
id_16569,0
id_29433,0
id_25906,0
id_34762,1
id_12031,1
id_15673,1
id_7305,0
id_34455,0
id_29042,1
id_34552,0
id_44853,1
id_37554,0
id_43087,0
id_24653,1
id_35264,0
id_18385,1
id_2066,1
id_16902,1
id_27118,1
id_16436,1
id_8833,1
id_30875,1
id_6850,0
id_16481,0
id_30752,1
id_31090,0
id_15866,1
id_15569,1
id_26760,0
id_29470,0
id_7154,0
id_42160,0
id_9296,0
id_9937,0
id_8692,0
id_20425,0
id_560,0
id_24507,0
id_36383,0
id_29830,0
id_16719,1
id_28165,0
id_17144,1
id_11142,1
id_13952,0
id_9990,1
id_12557,0
id_44167,1
id_23369,0
id_981,1
id_13575,0
id_24060,0
id_32624,0
id_33318,0
id_7108,1
id_11987,0
id_181,0
id_28317,1
id_3927,1
id_29342,0
id_1462,0
id_38999,0
id_42555,0
id_24084,0
id_13064,0
id_39289,0
id_4309,0
id_21801,0
id_33765,0
id_8905,1
id_7934,0
id_39090,1
id_19959,0
id_35649,1
id_16747,1
id_20845,1
id_34360,1
id_39202,1
id_13569,1
id_27664,0
id_44890,0
id_6430,1
id_31017,0
id_44609,0
id_10835,0
id_30772,1
id_31324,0
id_9425,0
id_26776,0
id_24505,0
id_13471,1
id_12385,0
id_5255,1
id_39087,1
id_22985,0
id_25804,0
id_14953,1
id_21362,0
id_5553,0
id_7989,0
id_22528,0
id_36924,0
id_37851,0
id_3775,1
id_35433,0
id_27431,0
id_346,1
id_5959,0
id_22606,0
id_21901,0
id_15689,0
id_5412,0
id_44282,0
id_18917,0
id_12594,1
id_17756,0
id_28889,0
id_39895,0
id_38913,0
id_9446,1
id_6873,0
id_30511,0
id_4152,0
id_39390,0
id_11542,0
id_10470,1
id_11363,0
id_35998,0
id_36010,0
id_37825,0
id_12409,0
id_38822,0
id_36245,0
id_6552,0
id_29917,0
id_9275,1
id_16678,0
id_26369,0
id_31483,1
